State_Abrvtn,Pltfrm,Metal_Lvl,Enrlmt_Stus,Cnsmr,Avg_Prm,Avg_Prm_Aftr_APTC,Cnsmr_Wth_APTC_CSR,CSR_Cnsmr,CSR_Cnsmr_73,CSR_Cnsmr_87,CSR_Cnsmr_94,CSR_Cnsmr_AIAN,APTC_Cnsmr,APTC_Cnsmr_Avg_APTC,APTC_Cnsmr_Avg_Prm_Aftr_APTC,Age_0_17,Age_18_25,Age_26_34,Age_35_44,Age_45_54,Age_55_64,Age_GE65,Male,Female,AIAN,ASN,NHPI,BLACK,WHT,Othr_Race,Mlt_Race,Unk_Race,Hspnc_Yes,Hspnc_No,Unk_Ethncty,Rrl,Non_Rrl,Ctstrphc,Brnz,Slvr,Gld,Pltnm,FPL_NFA,FPL_100_150,FPL_150_200,FPL_200_250,FPL_250_300,FPL_300_400,FPL_OTHR
AK,HC.gov,B,All,8761,577,171,0.78,0.09,0,0,0,0.09,0.76,534,49,0.18,0.06,0.18,0.18,0.16,0.22,0.01,0.49,0.51,0.08,0.07,0,0.01,0.63,0.01,0.04,0.15,0.04,0.82,0.14,0.52,0.48,N/A,N/A,N/A,N/A,N/A,0.15,0.03,0.12,0.2,0.2,0.25,0.04
AK,HC.gov,S,All,3438,995,169,0.94,0.9,0.06,0.45,0.39,0,0.94,879,116,0.08,0.06,0.2,0.16,0.16,0.31,0.03,0.44,0.56,0,0.09,0.01,0.01,0.64,0.02,0.03,0.2,0.05,0.81,0.14,0.47,0.53,N/A,N/A,N/A,N/A,N/A,0.01,0.35,0.47,0.07,0.03,0.02,0.06
AK,HC.gov,G,All,5497,835,223,0.85,0.01,0,0,0,0.01,0.85,723,128,0.15,0.07,0.17,0.16,0.17,0.26,0.01,0.47,0.53,0.01,0.09,0,0.01,0.67,0.01,0.04,0.17,0.05,0.84,0.11,0.49,0.51,N/A,N/A,N/A,N/A,N/A,0.1,0.07,0.21,0.28,0.14,0.16,0.03
AL,HC.gov,B,All,20454,496,143,0.78,0.02,0,0,0,0.02,0.78,455,47,0.05,0.1,0.22,0.2,0.19,0.23,0,0.48,0.52,0.02,0.06,0,0.15,0.61,0.01,0.03,0.14,0.03,0.87,0.1,0.23,0.77,N/A,N/A,N/A,N/A,N/A,0.08,0.12,0.17,0.21,0.16,0.19,0.08
AL,HC.gov,S,All,131194,719,110,0.94,0.84,0.11,0.24,0.49,0,0.94,650,72,0.02,0.11,0.17,0.18,0.22,0.29,0.01,0.4,0.6,0,0.06,0,0.18,0.59,0.01,0.02,0.14,0.03,0.87,0.11,0.29,0.71,N/A,N/A,N/A,N/A,N/A,0.01,0.51,0.25,0.11,0.05,0.05,0.02
AL,HC.gov,G,All,6998,836,432,0.75,0,0,0,0,0,0.75,537,335,0.08,0.09,0.18,0.19,0.2,0.26,0,0.45,0.55,0,0.03,0,0.08,0.77,0.01,0.02,0.1,0.02,0.91,0.07,0.28,0.72,N/A,N/A,N/A,N/A,N/A,0.09,0.07,0.08,0.24,0.18,0.24,0.09
AR,HC.gov,B,All,15886,455,188,0.78,0.03,0,0,0,0.03,0.78,344,126,0.12,0.08,0.14,0.14,0.17,0.35,0,0.46,0.54,0.02,0.04,0,0.06,0.68,0.01,0.03,0.17,0.04,0.85,0.12,0.36,0.64,N/A,N/A,N/A,N/A,N/A,0.11,0.07,0.15,0.22,0.2,0.21,0.04
AR,HC.gov,S,All,46554,542,189,0.9,0.76,0.18,0.35,0.23,0,0.89,397,150,0.08,0.09,0.15,0.16,0.19,0.33,0.01,0.43,0.57,0,0.05,0,0.07,0.66,0.01,0.01,0.2,0.04,0.82,0.13,0.4,0.6,N/A,N/A,N/A,N/A,N/A,0.04,0.24,0.36,0.19,0.08,0.07,0.02
AR,HC.gov,G,All,1920,593,464,0.45,0,0,0,0,0,0.45,285,351,0.18,0.07,0.16,0.18,0.17,0.23,0,0.47,0.53,*,0.03,*,0.03,0.75,*,0.02,0.15,0.03,0.87,0.11,0.31,0.69,N/A,N/A,N/A,N/A,N/A,0.38,0.02,0.04,0.15,0.17,0.17,0.08
AZ,HC.gov,B,All,57301,535,217,0.7,0.01,0,0,0,0.01,0.7,453,92,0.17,0.07,0.12,0.13,0.17,0.34,0.01,0.47,0.53,0.01,0.05,0,0.02,0.63,0.03,0.03,0.23,0.15,0.72,0.13,0.14,0.86,N/A,N/A,N/A,N/A,N/A,0.21,0.03,0.11,0.23,0.18,0.2,0.04
AZ,HC.gov,S,All,90246,618,202,0.86,0.73,0.21,0.31,0.21,0,0.86,483,143,0.14,0.08,0.12,0.13,0.18,0.33,0.01,0.44,0.56,0,0.09,0,0.02,0.57,0.03,0.02,0.26,0.18,0.68,0.13,0.08,0.92,N/A,N/A,N/A,N/A,N/A,0.08,0.2,0.32,0.22,0.08,0.07,0.03
AZ,HC.gov,G,All,4664,752,597,0.38,0,0,0,0,0,0.37,412,418,0.17,0.07,0.15,0.17,0.17,0.26,0.01,0.47,0.53,0,0.04,0,0.01,0.67,0.02,0.03,0.21,0.12,0.76,0.12,0.08,0.92,N/A,N/A,N/A,N/A,N/A,0.48,0.01,0.04,0.13,0.12,0.16,0.07
CA,SBE,B,All,462501,NR,NR,NR,NR,NR,NR,NR,NR,NR,NR,NR,0.09,0.09,0.19,0.17,0.2,0.25,0.01,NR,NR,NR,NR,NR,NR,NR,NR,NR,NR,NR,NR,NR,NR,NR,N/A,N/A,N/A,N/A,N/A,NR,0.05,0.17,0.2,0.18,0.21,0.19
CA,SBE,S,All,854505,NR,NR,NR,NR,NR,NR,NR,NR,NR,NR,NR,0.04,0.1,0.15,0.14,0.22,0.33,0.01,NR,NR,NR,NR,NR,NR,NR,NR,NR,NR,NR,NR,NR,NR,NR,N/A,N/A,N/A,N/A,N/A,NR,0.24,0.37,0.15,0.1,0.09,0.05
CA,SBE,G,All,147422,NR,NR,NR,NR,NR,NR,NR,NR,NR,NR,NR,0.14,0.08,0.17,0.17,0.19,0.25,0.01,NR,NR,NR,NR,NR,NR,NR,NR,NR,NR,NR,NR,NR,NR,NR,N/A,N/A,N/A,N/A,N/A,NR,0.03,0.12,0.21,0.21,0.22,0.21
CO,SBE,B,All,86945,NR,NR,NR,NR,NR,NR,NR,NR,NR,NR,NR,0.13,0.07,0.14,0.16,0.17,0.28,0.04,NR,NR,NR,NR,NR,NR,NR,NR,NR,NR,NR,NR,NR,NR,NR,N/A,N/A,N/A,N/A,N/A,NR,0.02,0.08,0.13,0.15,0.22,0.41
CO,SBE,S,All,66963,NR,NR,NR,NR,NR,NR,NR,NR,NR,NR,NR,0.06,0.07,0.2,0.16,0.17,0.29,0.06,NR,NR,NR,NR,NR,NR,NR,NR,NR,NR,NR,NR,NR,NR,NR,N/A,N/A,N/A,N/A,N/A,NR,0.16,0.31,0.15,0.06,0.07,0.25
CO,SBE,G,All,10186,NR,NR,NR,NR,NR,NR,NR,NR,NR,NR,NR,NR,NR,NR,NR,NR,NR,NR,NR,NR,NR,NR,NR,NR,NR,NR,NR,NR,NR,NR,NR,NR,NR,N/A,N/A,N/A,N/A,N/A,NR,NR,NR,NR,NR,NR,NR
CT,SBE,B,All,49326,NR,NR,NR,NR,NR,NR,NR,NR,NR,NR,NR,0.11,0.08,0.12,0.14,0.21,0.34,0,NR,NR,NR,NR,NR,NR,NR,NR,NR,NR,NR,NR,NR,NR,NR,N/A,N/A,N/A,N/A,N/A,NR,0.01,0.05,0.12,0.12,0.21,0.49
CT,SBE,S,All,49889,NR,NR,NR,NR,NR,NR,NR,NR,NR,NR,NR,0.03,0.1,0.14,0.13,0.21,0.36,0.03,NR,NR,NR,NR,NR,NR,NR,NR,NR,NR,NR,NR,NR,NR,NR,N/A,N/A,N/A,N/A,N/A,NR,0.15,0.31,0.17,0.09,0.11,0.16
CT,SBE,G,All,6779,NR,NR,NR,NR,NR,NR,NR,NR,NR,NR,NR,0.13,0.07,0.15,0.17,0.21,0.27,0,NR,NR,NR,NR,NR,NR,NR,NR,NR,NR,NR,NR,NR,NR,NR,N/A,N/A,N/A,N/A,N/A,NR,0.01,0.04,0.15,0.13,0.19,0.48
DC,SBE,B,All,5097,NR,NR,NR,NR,NR,NR,NR,NR,NR,NR,NR,0.11,0.05,0.26,0.23,0.17,0.18,0.01,NR,NR,NR,NR,NR,NR,NR,NR,NR,NR,NR,NR,NR,NR,NR,N/A,N/A,N/A,N/A,N/A,NR,0,0,0.02,0.02,0.02,0.94
DC,SBE,S,All,4507,NR,NR,NR,NR,NR,NR,NR,NR,NR,NR,NR,0.1,0.05,0.28,0.21,0.17,0.17,0.02,NR,NR,NR,NR,NR,NR,NR,NR,NR,NR,NR,NR,NR,NR,NR,N/A,N/A,N/A,N/A,N/A,NR,0,0.01,0.04,0.02,0.02,0.91
DC,SBE,G,All,3894,NR,NR,NR,NR,NR,NR,NR,NR,NR,NR,NR,0.12,0.05,0.31,0.25,0.15,0.12,0.01,NR,NR,NR,NR,NR,NR,NR,NR,NR,NR,NR,NR,NR,NR,NR,N/A,N/A,N/A,N/A,N/A,NR,0,0,0.01,0.01,0,0.98
DE,HC.gov,B,All,7578,511,171,0.74,0,0,0,0,0,0.74,461,46,0.15,0.07,0.15,0.15,0.17,0.3,0.01,0.47,0.53,0,0.1,0,0.08,0.59,0.01,0.02,0.19,0.05,0.84,0.11,0.25,0.75,N/A,N/A,N/A,N/A,N/A,0.17,0.03,0.11,0.18,0.2,0.27,0.05
DE,HC.gov,S,All,7902,754,127,0.93,0.86,0.1,0.43,0.34,0,0.93,673,83,0.08,0.08,0.15,0.15,0.19,0.32,0.03,0.43,0.57,0,0.1,0,0.12,0.52,0.02,0.02,0.22,0.07,0.79,0.13,0.24,0.76,N/A,N/A,N/A,N/A,N/A,0.02,0.33,0.44,0.11,0.04,0.04,0.03
DE,HC.gov,G,All,7662,728,252,0.85,0,0,0,0,0,0.85,560,177,0.15,0.07,0.13,0.14,0.18,0.32,0,0.45,0.55,0,0.07,0,0.09,0.59,0.01,0.02,0.21,0.06,0.84,0.11,0.24,0.76,N/A,N/A,N/A,N/A,N/A,0.1,0.02,0.12,0.32,0.2,0.21,0.03
FL,HC.gov,B,All,559378,523,120,0.87,0,0,0,0,0,0.87,465,60,0.09,0.1,0.15,0.16,0.21,0.28,0.01,0.49,0.51,0,0.03,0,0.07,0.38,0.02,0.01,0.48,0.16,0.46,0.37,0.03,0.97,N/A,N/A,N/A,N/A,N/A,0.07,0.27,0.17,0.2,0.13,0.13,0.03
FL,HC.gov,S,All,1279920,619,70,0.98,0.97,0.04,0.18,0.75,0,0.98,561,57,0.07,0.13,0.14,0.17,0.23,0.24,0.02,0.43,0.57,0,0.03,0,0.07,0.28,0.02,0.01,0.58,0.25,0.32,0.43,0.03,0.97,N/A,N/A,N/A,N/A,N/A,0,0.75,0.18,0.04,0.01,0.01,0.01
FL,HC.gov,G,All,61087,743,383,0.74,0,0,0,0,0,0.74,484,280,0.15,0.07,0.14,0.16,0.2,0.28,0.01,0.47,0.53,0,0.03,0,0.04,0.61,0.02,0.02,0.28,0.14,0.66,0.2,0.06,0.94,N/A,N/A,N/A,N/A,N/A,0.15,0.05,0.06,0.26,0.2,0.22,0.06
GA,HC.gov,B,All,97653,497,189,0.74,0,0,0,0,0,0.74,418,87,0.11,0.1,0.16,0.16,0.2,0.25,0.01,0.47,0.53,0,0.1,0,0.17,0.43,0.01,0.02,0.26,0.06,0.76,0.18,0.11,0.89,N/A,N/A,N/A,N/A,N/A,0.15,0.17,0.15,0.16,0.16,0.15,0.06
GA,HC.gov,S,All,335180,583,95,0.95,0.9,0.07,0.21,0.62,0,0.95,516,67,0.07,0.13,0.15,0.17,0.22,0.24,0.02,0.42,0.58,0,0.17,0,0.17,0.3,0.02,0.01,0.33,0.08,0.7,0.22,0.15,0.85,N/A,N/A,N/A,N/A,N/A,0.02,0.63,0.21,0.07,0.03,0.02,0.02
GA,HC.gov,G,All,26596,637,377,0.62,0,0,0,0,0,0.62,421,238,0.13,0.08,0.14,0.16,0.21,0.27,0,0.47,0.53,0,0.06,0,0.08,0.59,0.01,0.02,0.24,0.05,0.8,0.15,0.22,0.78,N/A,N/A,N/A,N/A,N/A,0.25,0.03,0.04,0.19,0.2,0.2,0.08
HI,HC.gov,B,All,5315,521,214,0.7,0.01,0,0,0,0.01,0.7,440,104,0.08,0.05,0.14,0.18,0.22,0.32,0.01,0.47,0.53,0,0.29,0.03,0.01,0.4,0.02,0.13,0.12,0.06,0.87,0.07,0.4,0.6,N/A,N/A,N/A,N/A,N/A,0.16,0.06,0.18,0.19,0.15,0.19,0.07
HI,HC.gov,S,All,8121,676,159,0.89,0.86,0.07,0.23,0.56,0,0.89,583,94,0.02,0.09,0.14,0.2,0.23,0.3,0.02,0.38,0.62,0,0.22,0.05,0,0.2,0.31,0.1,0.12,0.04,0.87,0.1,0.29,0.71,N/A,N/A,N/A,N/A,N/A,0.01,0.23,0.24,0.07,0.02,0.02,0.42
HI,HC.gov,G,All,5074,674,286,0.77,0,0,0,0,0,0.77,505,209,0.1,0.05,0.11,0.18,0.2,0.35,0.01,0.44,0.56,0,0.31,0.02,0,0.38,0.03,0.14,0.11,0.06,0.86,0.07,0.37,0.63,N/A,N/A,N/A,N/A,N/A,0.12,0.07,0.2,0.23,0.16,0.16,0.05
IA,HC.gov,B,All,12574,634,187,0.73,0,0,0,0,0,0.73,609,28,0.07,0.07,0.19,0.17,0.16,0.33,0.01,0.49,0.51,0,0.03,0,0.01,0.76,0.01,0.01,0.18,0.03,0.85,0.12,0.47,0.53,N/A,N/A,N/A,N/A,N/A,0.16,0.03,0.11,0.18,0.17,0.3,0.04
IA,HC.gov,S,All,19644,965,77,0.96,0.9,0.1,0.49,0.31,0,0.96,929,37,0.03,0.08,0.15,0.17,0.18,0.38,0.01,0.43,0.57,0,0.05,0,0.02,0.68,0.01,0.01,0.23,0.04,0.79,0.17,0.49,0.51,N/A,N/A,N/A,N/A,N/A,0.01,0.3,0.5,0.11,0.03,0.03,0.02
IA,HC.gov,G,All,21993,813,95,0.91,0,0,0,0,0,0.91,788,34,0.06,0.07,0.14,0.14,0.18,0.41,0,0.46,0.54,0,0.03,0,0.01,0.75,0.01,0.01,0.19,0.03,0.84,0.13,0.49,0.51,N/A,N/A,N/A,N/A,N/A,0.05,0.02,0.1,0.3,0.21,0.3,0.01
ID,SBE,B,All,45861,NR,NR,NR,NR,NR,NR,NR,NR,NR,NR,NR,0.22,0.09,0.14,0.16,0.14,0.24,0.01,NR,NR,NR,NR,NR,NR,NR,NR,NR,NR,NR,NR,NR,NR,NR,N/A,N/A,N/A,N/A,N/A,NR,NR,NR,NR,NR,NR,NR
ID,SBE,S,All,25990,NR,NR,NR,NR,NR,NR,NR,NR,NR,NR,NR,0.11,0.12,0.16,0.17,0.16,0.29,0,NR,NR,NR,NR,NR,NR,NR,NR,NR,NR,NR,NR,NR,NR,NR,N/A,N/A,N/A,N/A,N/A,NR,NR,NR,NR,NR,NR,NR
ID,SBE,G,All,6066,NR,NR,NR,NR,NR,NR,NR,NR,NR,NR,NR,NR,NR,NR,NR,NR,NR,NR,NR,NR,NR,NR,NR,NR,NR,NR,NR,NR,NR,NR,NR,NR,NR,N/A,N/A,N/A,N/A,N/A,NR,NR,NR,NR,NR,NR,NR
IL,HC.gov,B,All,119296,576,222,0.75,0,0,0,0,0,0.75,470,131,0.08,0.07,0.16,0.15,0.19,0.34,0.01,0.48,0.52,0,0.1,0,0.05,0.62,0.01,0.02,0.2,0.07,0.8,0.14,0.17,0.83,N/A,N/A,N/A,N/A,N/A,0.14,0.06,0.15,0.19,0.15,0.25,0.05
IL,HC.gov,S,All,148747,668,186,0.92,0.81,0.14,0.35,0.32,0,0.92,525,148,0.05,0.09,0.17,0.16,0.2,0.32,0.02,0.46,0.54,0,0.12,0,0.05,0.56,0.02,0.01,0.23,0.1,0.76,0.15,0.12,0.88,N/A,N/A,N/A,N/A,N/A,0.03,0.29,0.36,0.15,0.06,0.07,0.05
IL,HC.gov,G,All,23757,755,471,0.62,0,0,0,0,0,0.62,457,343,0.12,0.07,0.18,0.18,0.18,0.27,0,0.47,0.53,0,0.06,0,0.03,0.69,0.02,0.02,0.18,0.07,0.81,0.12,0.11,0.89,N/A,N/A,N/A,N/A,N/A,0.24,0.02,0.07,0.18,0.16,0.26,0.06
IN,HC.gov,B,All,45205,468,291,0.52,0,0,0,0,0,0.52,341,136,0.14,0.08,0.13,0.14,0.17,0.34,0,0.48,0.52,0,0.04,0,0.03,0.7,0.01,0.01,0.2,0.03,0.83,0.14,0.26,0.74,N/A,N/A,N/A,N/A,N/A,0.37,0.03,0.08,0.12,0.16,0.18,0.05
IN,HC.gov,S,All,90556,573,240,0.8,0.64,0.15,0.29,0.19,0,0.79,420,162,0.09,0.07,0.13,0.15,0.18,0.36,0.01,0.44,0.56,0,0.06,0,0.03,0.65,0.01,0.01,0.23,0.03,0.81,0.16,0.25,0.75,N/A,N/A,N/A,N/A,N/A,0.13,0.19,0.3,0.16,0.09,0.09,0.03
IN,HC.gov,G,All,5170,683,591,0.32,0,0,0,0,0,0.32,290,427,0.16,0.07,0.16,0.18,0.18,0.24,0,0.51,0.49,0,0.03,0,0.05,0.69,0.01,0.02,0.2,0.04,0.83,0.14,0.25,0.75,N/A,N/A,N/A,N/A,N/A,0.53,0.01,0.03,0.08,0.13,0.14,0.07
KS,HC.gov,B,All,25303,535,176,0.78,0.03,0,0,0,0.03,0.78,463,73,0.12,0.09,0.16,0.16,0.15,0.31,0,0.48,0.52,0.02,0.04,0,0.03,0.67,0.01,0.03,0.19,0.06,0.81,0.14,0.3,0.7,N/A,N/A,N/A,N/A,N/A,0.12,0.12,0.16,0.19,0.17,0.19,0.05
KS,HC.gov,S,All,38189,680,133,0.93,0.88,0.08,0.25,0.55,0,0.93,588,92,0.06,0.11,0.17,0.18,0.18,0.28,0.01,0.43,0.57,0,0.08,0,0.04,0.61,0.02,0.02,0.24,0.09,0.77,0.15,0.32,0.68,N/A,N/A,N/A,N/A,N/A,0.01,0.56,0.26,0.08,0.03,0.03,0.03
KS,HC.gov,G,All,21790,694,229,0.84,0,0,0,0,0,0.84,557,147,0.14,0.08,0.14,0.14,0.16,0.33,0,0.47,0.53,0,0.03,0,0.02,0.75,0.01,0.02,0.17,0.06,0.82,0.12,0.53,0.47,N/A,N/A,N/A,N/A,N/A,0.08,0.13,0.16,0.23,0.18,0.18,0.04
KY,HC.gov,B,All,35686,463,165,0.73,0,0,0,0,0,0.72,411,65,0.15,0.07,0.15,0.16,0.17,0.3,0,0.46,0.54,0,0.04,0,0.03,0.72,0.01,0.01,0.18,0.02,0.84,0.14,0.4,0.6,N/A,N/A,N/A,N/A,N/A,0.18,0.05,0.15,0.2,0.18,0.2,0.04
KY,HC.gov,S,All,41915,698,164,0.92,0.8,0.2,0.37,0.23,0,0.92,582,122,0.08,0.07,0.13,0.15,0.19,0.36,0.01,0.43,0.57,0,0.04,0,0.03,0.72,0.01,0.01,0.19,0.02,0.84,0.14,0.52,0.48,N/A,N/A,N/A,N/A,N/A,0.04,0.22,0.38,0.2,0.07,0.06,0.02
KY,HC.gov,G,All,4874,704,508,0.49,0,0,0,0,0,0.49,396,359,0.15,0.06,0.14,0.17,0.2,0.27,0,0.49,0.51,0,0.03,0,0.05,0.75,0.01,0.02,0.15,0.03,0.86,0.11,0.4,0.6,N/A,N/A,N/A,N/A,N/A,0.38,0.01,0.03,0.18,0.16,0.18,0.06
LA,HC.gov,B,All,28510,557,177,0.79,0.01,0,0,0,0.01,0.79,482,92,0.11,0.07,0.17,0.16,0.18,0.31,0.01,0.45,0.55,0.01,0.06,0,0.13,0.58,0.01,0.02,0.19,0.04,0.82,0.15,0.15,0.85,N/A,N/A,N/A,N/A,N/A,0.11,0.06,0.16,0.19,0.22,0.22,0.04
LA,HC.gov,S,All,52937,731,170,0.92,0.81,0.14,0.35,0.31,0,0.92,611,121,0.05,0.07,0.15,0.16,0.21,0.35,0.01,0.42,0.58,0,0.1,0,0.13,0.46,0.02,0.01,0.28,0.04,0.73,0.23,0.17,0.83,N/A,N/A,N/A,N/A,N/A,0.02,0.32,0.37,0.14,0.07,0.06,0.02
LA,HC.gov,G,All,6301,762,413,0.74,0,0,0,0,0,0.74,472,310,0.17,0.06,0.16,0.18,0.18,0.25,0.01,0.46,0.54,0,0.03,0,0.08,0.66,0.02,0.02,0.19,0.04,0.81,0.16,0.16,0.84,N/A,N/A,N/A,N/A,N/A,0.15,0.02,0.05,0.2,0.29,0.24,0.04
MA,SBE,B,All,35883,NR,NR,NR,NR,NR,NR,NR,NR,NR,NR,NR,0.14,0.07,0.2,0.17,0.18,0.24,0.01,NR,NR,NR,NR,NR,NR,NR,NR,NR,NR,NR,NR,NR,NR,NR,N/A,N/A,N/A,N/A,N/A,NR,0.01,0.01,0.01,0.01,0.33,0.64
MA,SBE,S,All,269804,NR,NR,NR,NR,NR,NR,NR,NR,NR,NR,NR,0.03,0.11,0.22,0.2,0.2,0.22,0.01,NR,NR,NR,NR,NR,NR,NR,NR,NR,NR,NR,NR,NR,NR,NR,N/A,N/A,N/A,N/A,N/A,NR,0.14,0.27,0.23,0.15,0.05,0.16
MA,SBE,G,All,8863,NR,NR,NR,NR,NR,NR,NR,NR,NR,NR,NR,0.16,0.07,0.16,0.17,0.17,0.28,0.01,NR,NR,NR,NR,NR,NR,NR,NR,NR,NR,NR,NR,NR,NR,NR,N/A,N/A,N/A,N/A,N/A,NR,0,0,0,0.01,0.14,0.85
MD,SBE,B,All,34549,NR,NR,NR,NR,NR,NR,NR,NR,NR,NR,NR,0.07,0.1,0.2,0.17,0.19,0.26,0.01,NR,NR,NR,NR,NR,NR,NR,NR,NR,NR,NR,NR,NR,NR,NR,N/A,N/A,N/A,N/A,N/A,NR,0.05,0.15,0.17,0.12,0.17,0.34
MD,SBE,S,All,63459,NR,NR,NR,NR,NR,NR,NR,NR,NR,NR,NR,0.01,0.1,0.18,0.19,0.2,0.24,0.08,NR,NR,NR,NR,NR,NR,NR,NR,NR,NR,NR,NR,NR,NR,NR,N/A,N/A,N/A,N/A,N/A,NR,0.2,0.33,0.09,0.03,0.02,0.32
MD,SBE,G,All,55544,NR,NR,NR,NR,NR,NR,NR,NR,NR,NR,NR,0.07,0.09,0.17,0.16,0.2,0.29,0.01,NR,NR,NR,NR,NR,NR,NR,NR,NR,NR,NR,NR,NR,NR,NR,N/A,N/A,N/A,N/A,N/A,NR,0.05,0.16,0.21,0.14,0.18,0.27
ME,HC.gov,B,All,34903,570,169,0.81,0,0,0,0,0,0.81,498,81,0.15,0.06,0.14,0.15,0.18,0.32,0,0.47,0.53,0,0.02,0,0.01,0.81,0.01,0.01,0.15,0.01,0.87,0.11,0.56,0.44,N/A,N/A,N/A,N/A,N/A,0.12,0.04,0.13,0.22,0.2,0.24,0.04
ME,HC.gov,S,All,24968,746,168,0.93,0.82,0.18,0.35,0.29,0,0.93,622,129,0.1,0.07,0.14,0.14,0.18,0.36,0.01,0.45,0.55,0,0.02,0,0.01,0.79,0.01,0.01,0.16,0.01,0.86,0.13,0.55,0.45,N/A,N/A,N/A,N/A,N/A,0.02,0.31,0.35,0.18,0.07,0.05,0.01
ME,HC.gov,G,All,1478,779,496,0.63,0,0,0,0,0,0.63,452,360,0.18,0.07,0.15,0.17,0.18,0.25,0,0.49,0.51,0,*,0,0.02,0.83,*,0.02,0.12,0.02,0.89,0.09,0.44,0.56,N/A,N/A,N/A,N/A,N/A,0.24,*,0.05,0.16,0.24,0.23,*
MI,HC.gov,B,All,124624,411,152,0.78,0.01,0,0,0,0.01,0.78,332,90,0.14,0.07,0.13,0.14,0.17,0.34,0,0.48,0.52,0.01,0.04,0,0.03,0.6,0.01,0.02,0.3,0.02,0.74,0.24,0.25,0.75,N/A,N/A,N/A,N/A,N/A,0.12,0.06,0.14,0.23,0.19,0.23,0.04
MI,HC.gov,S,All,122631,549,181,0.92,0.8,0.17,0.33,0.29,0,0.92,401,152,0.1,0.08,0.14,0.15,0.19,0.33,0.01,0.46,0.54,0,0.05,0,0.03,0.57,0.01,0.01,0.31,0.02,0.74,0.24,0.23,0.77,N/A,N/A,N/A,N/A,N/A,0.03,0.29,0.35,0.18,0.07,0.06,0.03
MI,HC.gov,G,All,12828,559,364,0.65,0,0,0,0,0,0.65,302,279,0.17,0.07,0.16,0.17,0.19,0.25,0,0.49,0.51,0,0.04,0,0.04,0.69,0.02,0.02,0.2,0.03,0.83,0.14,0.21,0.79,N/A,N/A,N/A,N/A,N/A,0.21,0.02,0.05,0.25,0.21,0.21,0.06
MN,SBE,B,All,57959,NR,NR,NR,NR,NR,NR,NR,NR,NR,NR,NR,0.12,0.07,0.11,0.13,0.16,0.41,0,NR,NR,NR,NR,NR,NR,NR,NR,NR,NR,NR,NR,NR,NR,NR,N/A,N/A,N/A,N/A,N/A,NR,0,0,0.19,0.17,0.24,0.41
MN,SBE,S,All,32596,NR,NR,NR,NR,NR,NR,NR,NR,NR,NR,NR,0.1,0.07,0.14,0.14,0.16,0.39,0.01,NR,NR,NR,NR,NR,NR,NR,NR,NR,NR,NR,NR,NR,NR,NR,N/A,N/A,N/A,N/A,N/A,NR,0,0,0.32,0.15,0.18,0.35
MN,SBE,G,All,16787,NR,NR,NR,NR,NR,NR,NR,NR,NR,NR,NR,0.14,0.07,0.17,0.18,0.17,0.27,0,NR,NR,NR,NR,NR,NR,NR,NR,NR,NR,NR,NR,NR,NR,NR,N/A,N/A,N/A,N/A,N/A,NR,0,0,0.16,0.14,0.18,0.52
MO,HC.gov,B,All,56778,553,185,0.74,0.01,0,0,0,0.01,0.74,499,75,0.09,0.08,0.16,0.16,0.18,0.33,0,0.48,0.52,0.01,0.04,0,0.05,0.61,0.01,0.02,0.27,0.02,0.77,0.2,0.21,0.79,N/A,N/A,N/A,N/A,N/A,0.15,0.17,0.14,0.16,0.13,0.19,0.06
MO,HC.gov,S,All,140993,666,135,0.91,0.82,0.11,0.24,0.47,0,0.91,587,86,0.07,0.1,0.16,0.17,0.19,0.31,0.01,0.44,0.56,0,0.05,0,0.04,0.61,0.01,0.01,0.28,0.02,0.77,0.21,0.32,0.68,N/A,N/A,N/A,N/A,N/A,0.05,0.47,0.25,0.11,0.04,0.05,0.02
MO,HC.gov,G,All,4051,731,584,0.35,0,0,0,0,0,0.35,418,336,0.09,0.06,0.22,0.2,0.2,0.22,0,0.57,0.43,0,0.02,0,0.02,0.46,0.01,0.01,0.46,0.02,0.6,0.39,0.13,0.87,N/A,N/A,N/A,N/A,N/A,0.52,0.06,0.04,0.09,0.08,0.12,0.09
MS,HC.gov,B,All,8256,574,138,0.86,0.01,0,0,0,0.01,0.86,509,78,0.07,0.12,0.17,0.17,0.19,0.29,0,0.44,0.56,0,0.04,0,0.22,0.34,0.01,0.01,0.37,0.02,0.68,0.3,0.41,0.59,N/A,N/A,N/A,N/A,N/A,0.04,0.33,0.14,0.16,0.15,0.12,0.07
MS,HC.gov,S,All,89906,610,74,0.95,0.91,0.08,0.19,0.64,0,0.95,564,45,0.04,0.13,0.15,0.18,0.21,0.28,0.01,0.38,0.62,0,0.05,0,0.24,0.26,0.01,0.01,0.44,0.01,0.66,0.33,0.61,0.39,N/A,N/A,N/A,N/A,N/A,0,0.66,0.19,0.08,0.03,0.02,0.01
MS,HC.gov,G,All,730,776,482,0.62,0,0,0,0,0,0.62,473,349,0.12,0.09,0.15,0.17,0.18,0.29,0,0.45,0.55,*,0.03,0,0.15,0.61,*,*,0.17,0.03,0.85,0.12,0.46,0.54,N/A,N/A,N/A,N/A,N/A,0.14,0.07,0.09,0.15,0.19,0.17,0.18
MT,HC.gov,B,All,27553,518,168,0.8,0.04,0,0,0,0.04,0.78,446,80,0.11,0.06,0.16,0.17,0.16,0.34,0,0.48,0.52,0.04,0.01,0,0,0.8,0.01,0.02,0.12,0.02,0.9,0.08,0.76,0.24,N/A,N/A,N/A,N/A,N/A,0.11,0.03,0.13,0.2,0.2,0.28,0.05
MT,HC.gov,S,All,13260,671,143,0.94,0.86,0.14,0.45,0.26,0.01,0.93,566,109,0.05,0.08,0.18,0.17,0.17,0.35,0.01,0.45,0.55,0.01,0.01,0,0,0.81,0.01,0.02,0.14,0.02,0.88,0.09,0.71,0.29,N/A,N/A,N/A,N/A,N/A,0.02,0.27,0.47,0.15,0.05,0.04,0.01
MT,HC.gov,G,All,2770,673,362,0.73,0.01,0,0,0,0.01,0.73,428,270,0.13,0.07,0.19,0.17,0.18,0.26,0,0.46,0.54,0.01,0.01,0,0,0.83,0.01,0.03,0.11,0.03,0.91,0.07,0.69,0.31,N/A,N/A,N/A,N/A,N/A,0.16,0.01,0.05,0.25,0.21,0.28,0.05
NC,HC.gov,B,All,154097,507,122,0.84,0.01,0,0,0,0.01,0.84,459,52,0.14,0.09,0.16,0.16,0.19,0.26,0,0.47,0.53,0.01,0.05,0,0.09,0.57,0.01,0.02,0.25,0.05,0.79,0.16,0.22,0.78,N/A,N/A,N/A,N/A,N/A,0.08,0.1,0.13,0.22,0.19,0.24,0.04
NC,HC.gov,S,All,295585,730,89,0.96,0.93,0.1,0.26,0.57,0,0.96,668,61,0.06,0.11,0.16,0.17,0.21,0.27,0.01,0.42,0.58,0,0.06,0,0.11,0.47,0.02,0.01,0.33,0.06,0.71,0.22,0.28,0.72,N/A,N/A,N/A,N/A,N/A,0.01,0.58,0.26,0.11,0.02,0.02,0.01
NC,HC.gov,G,All,48501,790,246,0.85,0,0,0,0,0,0.85,644,173,0.17,0.07,0.12,0.15,0.19,0.29,0,0.46,0.54,0,0.03,0,0.05,0.68,0.01,0.02,0.21,0.04,0.84,0.12,0.27,0.73,N/A,N/A,N/A,N/A,N/A,0.08,0.03,0.04,0.27,0.26,0.28,0.04
ND,HC.gov,B,All,8901,378,148,0.79,0.07,0,0,0,0.07,0.79,293,90,0.24,0.07,0.14,0.15,0.13,0.26,0,0.49,0.51,0.06,0.02,0,0.02,0.72,0,0.02,0.15,0.02,0.85,0.13,0.61,0.39,N/A,N/A,N/A,N/A,N/A,0.1,0.05,0.16,0.23,0.18,0.24,0.04
ND,HC.gov,S,All,8311,497,162,0.94,0.87,0.17,0.49,0.21,0,0.94,358,135,0.23,0.08,0.17,0.14,0.13,0.24,0.01,0.47,0.53,0,0.04,0,0.03,0.73,0.01,0.01,0.18,0.03,0.85,0.13,0.63,0.37,N/A,N/A,N/A,N/A,N/A,0.01,0.2,0.5,0.17,0.04,0.05,0.03
ND,HC.gov,G,All,4088,552,312,0.79,0,0,0,0,0,0.78,306,260,0.27,0.07,0.14,0.15,0.13,0.25,0,0.49,0.51,0,0.02,0,0.01,0.81,0.01,0.02,0.14,0.02,0.87,0.11,0.73,0.27,N/A,N/A,N/A,N/A,N/A,0.09,0.02,0.1,0.29,0.22,0.25,0.03
NE,HC.gov,B,All,36229,643,100,0.91,0.01,0,0,0,0.01,0.9,600,41,0.2,0.09,0.17,0.16,0.14,0.23,0,0.5,0.5,0.01,0.02,0,0.01,0.71,0.01,0.01,0.23,0.04,0.79,0.18,0.54,0.46,N/A,N/A,N/A,N/A,N/A,0.05,0.06,0.11,0.24,0.21,0.32,0.02
NE,HC.gov,S,All,28356,890,112,0.95,0.92,0.06,0.28,0.58,0,0.95,817,73,0.09,0.12,0.18,0.18,0.17,0.25,0.01,0.44,0.56,0,0.04,0,0.03,0.64,0.01,0.01,0.27,0.07,0.73,0.2,0.46,0.54,N/A,N/A,N/A,N/A,N/A,0,0.59,0.29,0.06,0.02,0.02,0.02
NE,HC.gov,G,All,25657,810,107,0.94,0,0,0,0,0,0.94,745,69,0.18,0.1,0.15,0.16,0.15,0.27,0,0.47,0.53,0,0.02,0,0.01,0.71,0.01,0.01,0.22,0.06,0.78,0.16,0.56,0.44,N/A,N/A,N/A,N/A,N/A,0.02,0.14,0.16,0.31,0.17,0.18,0.01
NH,HC.gov,B,All,18195,464,254,0.57,0,0,0,0,0,0.57,368,113,0.1,0.06,0.13,0.14,0.19,0.38,0,0.48,0.52,0,0.03,0,0.01,0.71,0.01,0.01,0.24,0.02,0.81,0.17,0.44,0.56,N/A,N/A,N/A,N/A,N/A,0.31,0.02,0.07,0.14,0.14,0.26,0.06
NH,HC.gov,S,All,22815,584,203,0.85,0.69,0.18,0.31,0.19,0,0.85,450,141,0.06,0.08,0.16,0.14,0.2,0.35,0.01,0.45,0.55,0,0.04,0,0.01,0.68,0.01,0.01,0.24,0.03,0.8,0.17,0.43,0.57,N/A,N/A,N/A,N/A,N/A,0.09,0.19,0.32,0.19,0.08,0.11,0.03
NH,HC.gov,G,All,2530,616,465,0.47,0,0,0,0,0,0.47,323,321,0.14,0.08,0.18,0.16,0.19,0.25,0,0.49,0.51,0,0.03,0,0,0.75,0.01,0.01,0.2,0.02,0.85,0.13,0.38,0.62,N/A,N/A,N/A,N/A,N/A,0.39,0.01,0.03,0.12,0.15,0.22,0.08
NJ,HC.gov,B,All,61525,449,225,0.62,0,0,0,0,0,0.62,359,117,0.09,0.08,0.17,0.15,0.2,0.3,0.01,0.49,0.51,0,0.18,0,0.06,0.5,0.04,0.02,0.19,0.12,0.77,0.1,0.01,0.99,N/A,N/A,N/A,N/A,N/A,0.22,0.04,0.13,0.18,0.15,0.2,0.08
NJ,HC.gov,S,All,178914,588,236,0.81,0.64,0.16,0.28,0.2,0,0.81,436,169,0.07,0.09,0.15,0.15,0.21,0.31,0.02,0.45,0.55,0,0.14,0,0.05,0.52,0.04,0.02,0.24,0.15,0.72,0.14,0.01,0.99,N/A,N/A,N/A,N/A,N/A,0.1,0.18,0.29,0.16,0.08,0.12,0.06
NJ,HC.gov,G,All,4039,835,713,0.37,0,0,0,0,0,0.37,328,621,0.16,0.06,0.19,0.21,0.19,0.18,0,0.5,0.5,0,0.11,0,0.03,0.61,0.03,0.03,0.18,0.09,0.79,0.12,0.01,0.99,N/A,N/A,N/A,N/A,N/A,0.45,0.03,0.07,0.1,0.09,0.16,0.1
NM,HC.gov,B,All,14748,393,182,0.67,0.03,0,0,0,0.03,0.67,317,89,0.09,0.06,0.13,0.15,0.19,0.37,0.01,0.47,0.53,0.03,0.04,0,0.01,0.56,0.04,0.03,0.29,0.3,0.57,0.13,0.29,0.71,N/A,N/A,N/A,N/A,N/A,0.2,0.04,0.16,0.2,0.17,0.17,0.06
NM,HC.gov,S,All,15623,526,117,0.94,0.89,0.12,0.45,0.31,0,0.93,439,89,0.03,0.07,0.12,0.12,0.2,0.42,0.03,0.43,0.57,0,0.05,0,0.01,0.51,0.05,0.02,0.36,0.38,0.47,0.16,0.33,0.67,N/A,N/A,N/A,N/A,N/A,0.02,0.29,0.46,0.13,0.03,0.03,0.05
NM,HC.gov,G,All,12294,513,308,0.63,0.01,0,0,0,0.01,0.63,325,223,0.12,0.06,0.11,0.14,0.19,0.37,0.01,0.46,0.54,0.01,0.03,0,0.01,0.62,0.04,0.02,0.27,0.28,0.59,0.12,0.32,0.68,N/A,N/A,N/A,N/A,N/A,0.23,0.02,0.06,0.22,0.19,0.22,0.05
NV,SBE,B,All,30963,NR,NR,NR,NR,NR,NR,NR,NR,NR,NR,NR,NR,NR,NR,NR,NR,NR,NR,NR,NR,NR,NR,NR,NR,NR,NR,NR,NR,NR,NR,NR,NR,NR,N/A,N/A,N/A,N/A,N/A,NR,NR,NR,NR,NR,NR,NR
NV,SBE,S,All,42576,NR,NR,NR,NR,NR,NR,NR,NR,NR,NR,NR,NR,NR,NR,NR,NR,NR,NR,NR,NR,NR,NR,NR,NR,NR,NR,NR,NR,NR,NR,NR,NR,NR,N/A,N/A,N/A,N/A,N/A,NR,NR,NR,NR,NR,NR,NR
NV,SBE,G,All,3096,NR,NR,NR,NR,NR,NR,NR,NR,NR,NR,NR,NR,NR,NR,NR,NR,NR,NR,NR,NR,NR,NR,NR,NR,NR,NR,NR,NR,NR,NR,NR,NR,NR,N/A,N/A,N/A,N/A,N/A,NR,NR,NR,NR,NR,NR,NR
NY,SBE,B,All,115615,NR,NR,NR,NR,NR,NR,NR,NR,NR,NR,NR,0.03,0.09,0.24,0.2,0.2,0.24,0.01,NR,NR,NR,NR,NR,NR,NR,NR,NR,NR,NR,NR,NR,NR,NR,N/A,N/A,N/A,N/A,N/A,NR,0,0.01,0.24,0.2,0.2,0.34
NY,SBE,S,All,100205,NR,NR,NR,NR,NR,NR,NR,NR,NR,NR,NR,0.03,0.08,0.15,0.16,0.22,0.35,0.01,NR,NR,NR,NR,NR,NR,NR,NR,NR,NR,NR,NR,NR,NR,NR,N/A,N/A,N/A,N/A,N/A,NR,0.01,0.01,0.32,0.15,0.17,0.34
NY,SBE,G,All,31044,NR,NR,NR,NR,NR,NR,NR,NR,NR,NR,NR,NR,NR,NR,NR,NR,NR,NR,NR,NR,NR,NR,NR,NR,NR,NR,NR,NR,NR,NR,NR,NR,NR,N/A,N/A,N/A,N/A,N/A,NR,NR,NR,NR,NR,NR,NR
OH,HC.gov,B,All,101339,458,215,0.69,0,0,0,0,0,0.69,354,115,0.14,0.07,0.13,0.13,0.16,0.36,0,0.46,0.54,0,0.04,0,0.04,0.67,0.01,0.02,0.22,0.02,0.82,0.16,0.22,0.78,N/A,N/A,N/A,N/A,N/A,0.22,0.05,0.13,0.22,0.16,0.18,0.04
OH,HC.gov,S,All,83834,592,218,0.88,0.76,0.19,0.35,0.22,0,0.87,428,169,0.08,0.07,0.15,0.14,0.18,0.37,0.01,0.44,0.56,0,0.06,0,0.05,0.64,0.01,0.01,0.23,0.02,0.82,0.16,0.22,0.78,N/A,N/A,N/A,N/A,N/A,0.07,0.22,0.36,0.2,0.07,0.06,0.02
OH,HC.gov,G,All,9567,645,507,0.45,0,0,0,0,0,0.45,310,365,0.16,0.06,0.16,0.15,0.19,0.27,0,0.48,0.52,0,0.04,0,0.03,0.7,0.01,0.02,0.2,0.03,0.84,0.13,0.19,0.81,N/A,N/A,N/A,N/A,N/A,0.4,0.01,0.04,0.16,0.16,0.16,0.07
OK,HC.gov,B,All,55609,486,93,0.9,0.35,0,0,0,0.35,0.87,453,31,0.18,0.11,0.18,0.17,0.15,0.2,0,0.46,0.54,0.3,0.04,0,0.03,0.38,0.01,0.08,0.17,0.05,0.75,0.21,0.32,0.68,N/A,N/A,N/A,N/A,N/A,0.05,0.17,0.18,0.25,0.17,0.15,0.03
OK,HC.gov,S,All,76953,735,96,0.94,0.89,0.1,0.25,0.52,0.02,0.94,681,55,0.07,0.11,0.16,0.18,0.19,0.27,0.01,0.42,0.58,0.02,0.06,0,0.04,0.52,0.01,0.02,0.33,0.08,0.68,0.25,0.42,0.58,N/A,N/A,N/A,N/A,N/A,0,0.55,0.26,0.11,0.03,0.03,0.02
OK,HC.gov,G,All,25500,721,175,0.89,0.08,0,0,0,0.08,0.88,619,103,0.17,0.09,0.14,0.16,0.17,0.27,0,0.47,0.53,0.07,0.03,0,0.03,0.59,0.01,0.04,0.23,0.05,0.76,0.19,0.48,0.52,N/A,N/A,N/A,N/A,N/A,0.04,0.12,0.12,0.28,0.21,0.19,0.04
OR,HC.gov,B,All,62350,459,205,0.64,0.01,0,0,0,0.01,0.64,396,90,0.09,0.06,0.17,0.18,0.18,0.31,0.01,0.47,0.53,0.01,0.06,0,0.01,0.68,0.01,0.03,0.19,0.05,0.84,0.11,0.21,0.79,N/A,N/A,N/A,N/A,N/A,0.23,0.02,0.12,0.17,0.15,0.25,0.06
OR,HC.gov,S,All,63826,647,211,0.85,0.7,0.16,0.34,0.19,0,0.85,516,145,0.05,0.08,0.15,0.17,0.2,0.34,0.02,0.41,0.59,0,0.08,0.01,0.01,0.63,0.01,0.02,0.22,0.06,0.8,0.14,0.23,0.77,N/A,N/A,N/A,N/A,N/A,0.06,0.18,0.36,0.17,0.08,0.1,0.05
OR,HC.gov,G,All,18332,597,388,0.55,0,0,0,0,0,0.55,380,281,0.15,0.06,0.17,0.21,0.17,0.23,0,0.45,0.55,0,0.05,0,0.01,0.71,0.01,0.04,0.17,0.05,0.85,0.1,0.17,0.83,N/A,N/A,N/A,N/A,N/A,0.31,0.01,0.05,0.17,0.15,0.24,0.06
PA,HC.gov,B,All,90613,536,176,0.77,0,0,0,0,0,0.77,470,86,0.06,0.07,0.17,0.16,0.19,0.35,0.01,0.47,0.53,0,0.07,0,0.05,0.68,0.01,0.02,0.17,0.04,0.84,0.12,0.12,0.88,N/A,N/A,N/A,N/A,N/A,0.14,0.05,0.17,0.21,0.16,0.22,0.04
PA,HC.gov,S,All,175650,673,176,0.93,0.8,0.14,0.37,0.29,0,0.92,538,141,0.04,0.08,0.16,0.16,0.2,0.35,0.01,0.45,0.55,0,0.11,0,0.05,0.6,0.02,0.01,0.21,0.04,0.8,0.15,0.11,0.89,N/A,N/A,N/A,N/A,N/A,0.02,0.29,0.38,0.14,0.06,0.07,0.03
PA,HC.gov,G,All,63624,745,364,0.74,0,0,0,0,0,0.74,513,279,0.07,0.06,0.13,0.14,0.19,0.41,0,0.47,0.53,0,0.03,0,0.02,0.75,0.01,0.01,0.17,0.03,0.85,0.12,0.19,0.81,N/A,N/A,N/A,N/A,N/A,0.16,0.03,0.09,0.25,0.18,0.25,0.04
RI,SBE,B,All,8225,NR,NR,NR,NR,NR,NR,NR,NR,NR,NR,NR,0.08,0.09,0.2,0.17,0.18,0.28,0.01,NR,NR,NR,NR,NR,NR,NR,NR,NR,NR,NR,NR,NR,NR,NR,N/A,N/A,N/A,N/A,N/A,NR,0.03,0.12,0.18,0.19,0.19,0.29
RI,SBE,S,All,15509,NR,NR,NR,NR,NR,NR,NR,NR,NR,NR,NR,0.01,0.11,0.18,0.19,0.22,0.27,0.03,NR,NR,NR,NR,NR,NR,NR,NR,NR,NR,NR,NR,NR,NR,NR,N/A,N/A,N/A,N/A,N/A,NR,0.39,0.45,0.09,0.02,0.02,0.04
RI,SBE,G,All,10804,NR,NR,NR,NR,NR,NR,NR,NR,NR,NR,NR,0.09,0.08,0.16,0.17,0.2,0.3,0.01,NR,NR,NR,NR,NR,NR,NR,NR,NR,NR,NR,NR,NR,NR,NR,N/A,N/A,N/A,N/A,N/A,NR,0.03,0.15,0.26,0.16,0.17,0.24
SC,HC.gov,B,All,96888,473,85,0.88,0,0,0,0,0,0.88,442,34,0.12,0.09,0.16,0.16,0.19,0.28,0,0.45,0.55,0,0.03,0,0.1,0.49,0.01,0.01,0.36,0.03,0.69,0.28,0.17,0.83,N/A,N/A,N/A,N/A,N/A,0.05,0.18,0.16,0.22,0.16,0.19,0.03
SC,HC.gov,S,All,100292,738,132,0.95,0.91,0.08,0.24,0.58,0,0.95,639,98,0.05,0.1,0.15,0.16,0.22,0.31,0.01,0.42,0.58,0,0.05,0,0.13,0.46,0.01,0.01,0.32,0.04,0.72,0.24,0.2,0.8,N/A,N/A,N/A,N/A,N/A,0.01,0.59,0.24,0.09,0.03,0.02,0.02
SC,HC.gov,G,All,14936,725,315,0.82,0,0,0,0,0,0.82,501,238,0.16,0.07,0.13,0.15,0.18,0.31,0,0.46,0.54,0,0.03,0,0.05,0.67,0.01,0.01,0.23,0.03,0.8,0.17,0.18,0.82,N/A,N/A,N/A,N/A,N/A,0.09,0.03,0.04,0.3,0.23,0.26,0.05
SD,HC.gov,B,All,13322,580,112,0.9,0.06,0,0,0,0.06,0.89,524,56,0.19,0.08,0.17,0.16,0.14,0.26,0,0.49,0.51,0.04,0.02,0,0.01,0.8,0.01,0.03,0.1,0.02,0.9,0.08,0.64,0.36,N/A,N/A,N/A,N/A,N/A,0.04,0.09,0.14,0.25,0.21,0.23,0.03
SD,HC.gov,S,All,14719,789,140,0.97,0.86,0.16,0.26,0.43,0,0.96,673,117,0.12,0.1,0.17,0.17,0.16,0.28,0,0.45,0.55,0,0.02,0,0.01,0.84,0.01,0.02,0.11,0.03,0.9,0.08,0.68,0.32,N/A,N/A,N/A,N/A,N/A,0.01,0.44,0.26,0.16,0.06,0.06,0.01
SD,HC.gov,G,All,914,767,345,0.85,*,0,0,0,*,0.85,496,280,0.26,0.07,0.16,0.17,0.13,0.2,0,0.48,0.52,0.02,0.02,*,*,0.83,*,*,0.11,0.03,0.9,0.07,0.65,0.35,N/A,N/A,N/A,N/A,N/A,0.07,0.03,0.04,0.31,0.25,0.25,0.04
TN,HC.gov,B,All,79179,503,145,0.78,0,0,0,0,0,0.78,460,52,0.09,0.08,0.18,0.16,0.19,0.29,0,0.47,0.53,0,0.05,0,0.07,0.66,0.01,0.02,0.2,0.03,0.82,0.15,0.22,0.78,N/A,N/A,N/A,N/A,N/A,0.13,0.13,0.16,0.18,0.17,0.18,0.06
TN,HC.gov,S,All,118181,730,137,0.92,0.83,0.11,0.25,0.47,0,0.92,647,88,0.04,0.09,0.16,0.15,0.21,0.34,0.01,0.45,0.55,0,0.05,0,0.08,0.62,0.01,0.01,0.22,0.03,0.81,0.16,0.33,0.67,N/A,N/A,N/A,N/A,N/A,0.03,0.48,0.26,0.12,0.05,0.04,0.03
TN,HC.gov,G,All,2465,906,518,0.62,0,0,0,0,0,0.62,630,328,0.11,0.07,0.19,0.19,0.19,0.25,0,0.46,0.54,0,0.03,0,0.04,0.76,0.01,0.02,0.14,0.03,0.88,0.09,0.38,0.62,N/A,N/A,N/A,N/A,N/A,0.23,0.12,0.1,0.14,0.16,0.16,0.1
TX,HC.gov,B,All,360655,432,125,0.8,0.01,0,0,0,0.01,0.8,385,51,0.15,0.1,0.15,0.16,0.19,0.24,0.01,0.47,0.53,0.01,0.13,0,0.06,0.41,0.03,0.02,0.34,0.23,0.56,0.22,0.11,0.89,N/A,N/A,N/A,N/A,N/A,0.11,0.18,0.17,0.22,0.14,0.14,0.05
TX,HC.gov,S,All,685852,574,89,0.96,0.93,0.07,0.2,0.66,0,0.96,507,67,0.09,0.13,0.13,0.16,0.21,0.25,0.03,0.43,0.57,0,0.14,0,0.05,0.31,0.03,0.01,0.46,0.29,0.43,0.28,0.12,0.88,N/A,N/A,N/A,N/A,N/A,0.01,0.65,0.2,0.07,0.02,0.01,0.03
TX,HC.gov,G,All,63658,667,329,0.7,0,0,0,0,0,0.7,484,203,0.18,0.08,0.15,0.16,0.17,0.26,0.01,0.45,0.55,0,0.06,0,0.04,0.59,0.03,0.02,0.26,0.2,0.65,0.16,0.28,0.72,N/A,N/A,N/A,N/A,N/A,0.17,0.09,0.08,0.26,0.17,0.17,0.07
UT,HC.gov,B,All,97205,339,88,0.84,0.01,0,0,0,0.01,0.84,297,43,0.3,0.1,0.17,0.16,0.12,0.14,0,0.49,0.51,0.01,0.02,0,0,0.6,0.01,0.02,0.33,0.06,0.7,0.24,0.16,0.84,N/A,N/A,N/A,N/A,N/A,0.09,0.05,0.11,0.27,0.21,0.24,0.03
UT,HC.gov,S,All,100585,506,91,0.97,0.93,0.11,0.25,0.57,0,0.97,429,76,0.24,0.13,0.19,0.17,0.12,0.14,0.01,0.46,0.54,0,0.04,0,0.01,0.51,0.01,0.01,0.41,0.09,0.62,0.3,0.16,0.84,N/A,N/A,N/A,N/A,N/A,0.01,0.56,0.26,0.11,0.02,0.02,0.02
UT,HC.gov,G,All,1894,607,414,0.66,0,0,0,0,0,0.66,295,298,0.29,0.1,0.19,0.19,0.11,0.12,0,0.47,0.53,*,0.02,0,*,0.7,*,0.02,0.22,0.06,0.78,0.16,0.13,0.87,N/A,N/A,N/A,N/A,N/A,0.22,0.03,0.03,0.21,0.23,0.22,0.06
VA,HC.gov,B,All,102272,537,156,0.8,0,0,0,0,0,0.8,477,62,0.15,0.09,0.15,0.15,0.18,0.26,0.01,0.47,0.53,0,0.17,0,0.09,0.5,0.02,0.03,0.18,0.07,0.81,0.12,0.11,0.89,N/A,N/A,N/A,N/A,N/A,0.13,0.07,0.16,0.23,0.18,0.2,0.04
VA,HC.gov,S,All,117620,714,130,0.93,0.88,0.12,0.37,0.39,0,0.92,632,83,0.08,0.1,0.15,0.16,0.2,0.28,0.03,0.44,0.56,0,0.18,0,0.1,0.44,0.03,0.02,0.22,0.08,0.77,0.14,0.15,0.85,N/A,N/A,N/A,N/A,N/A,0.01,0.4,0.38,0.13,0.02,0.02,0.03
VA,HC.gov,G,All,46506,700,311,0.76,0,0,0,0,0,0.76,509,197,0.18,0.07,0.13,0.14,0.18,0.28,0.01,0.46,0.54,0,0.12,0,0.08,0.58,0.03,0.03,0.17,0.08,0.82,0.1,0.14,0.86,N/A,N/A,N/A,N/A,N/A,0.15,0.02,0.06,0.29,0.21,0.21,0.04
VT,SBE,B,All,7087,NR,NR,NR,NR,NR,NR,NR,NR,NR,NR,NR,0.06,0.08,0.21,0.19,0.2,0.26,0,NR,NR,NR,NR,NR,NR,NR,NR,NR,NR,NR,NR,NR,NR,NR,N/A,N/A,N/A,N/A,N/A,NR,0.03,0.12,0.2,0.19,0.25,0.21
VT,SBE,S,All,12486,NR,NR,NR,NR,NR,NR,NR,NR,NR,NR,NR,0.01,0.1,0.16,0.18,0.21,0.33,0.01,NR,NR,NR,NR,NR,NR,NR,NR,NR,NR,NR,NR,NR,NR,NR,N/A,N/A,N/A,N/A,N/A,NR,0.16,0.43,0.21,0.09,0.06,0.04
VT,SBE,G,All,5773,NR,NR,NR,NR,NR,NR,NR,NR,NR,NR,NR,0.06,0.08,0.12,0.14,0.19,0.4,0.01,NR,NR,NR,NR,NR,NR,NR,NR,NR,NR,NR,NR,NR,NR,NR,N/A,N/A,N/A,N/A,N/A,NR,0.03,0.11,0.2,0.22,0.23,0.2
WA,SBE,B,All,91210,NR,NR,NR,NR,NR,NR,NR,NR,NR,NR,NR,0.1,0.07,0.15,0.16,0.19,0.33,0.01,NR,NR,NR,NR,NR,NR,NR,NR,NR,NR,NR,NR,NR,NR,NR,N/A,N/A,N/A,N/A,N/A,NR,0.03,0.11,0.14,0.12,0.18,0.42
WA,SBE,S,All,94197,NR,NR,NR,NR,NR,NR,NR,NR,NR,NR,NR,0.04,0.09,0.17,0.18,0.19,0.31,0.03,NR,NR,NR,NR,NR,NR,NR,NR,NR,NR,NR,NR,NR,NR,NR,N/A,N/A,N/A,N/A,N/A,NR,0.17,0.34,0.14,0.06,0.07,0.22
WA,SBE,G,All,23447,NR,NR,NR,NR,NR,NR,NR,NR,NR,NR,NR,0.13,0.06,0.17,0.19,0.19,0.25,0.01,NR,NR,NR,NR,NR,NR,NR,NR,NR,NR,NR,NR,NR,NR,NR,N/A,N/A,N/A,N/A,N/A,NR,0.02,0.06,0.12,0.11,0.15,0.55
WI,HC.gov,B,All,82633,580,183,0.78,0.01,0,0,0,0.01,0.78,510,86,0.07,0.06,0.14,0.14,0.17,0.42,0,0.47,0.53,0.01,0.03,0,0.02,0.71,0.01,0.01,0.22,0.03,0.84,0.14,0.4,0.6,N/A,N/A,N/A,N/A,N/A,0.15,0.06,0.12,0.17,0.16,0.31,0.04
WI,HC.gov,S,All,82521,711,127,0.96,0.88,0.12,0.32,0.44,0,0.96,611,102,0.03,0.08,0.16,0.16,0.19,0.38,0.01,0.43,0.57,0,0.04,0,0.04,0.66,0.01,0.01,0.23,0.04,0.81,0.15,0.33,0.67,N/A,N/A,N/A,N/A,N/A,0.01,0.44,0.33,0.13,0.04,0.04,0.01
WI,HC.gov,G,All,28247,749,269,0.8,0,0,0,0,0,0.8,597,185,0.08,0.06,0.13,0.14,0.17,0.42,0,0.46,0.54,0,0.02,0,0.01,0.79,0,0.01,0.17,0.02,0.87,0.11,0.5,0.5,N/A,N/A,N/A,N/A,N/A,0.13,0.07,0.12,0.22,0.17,0.26,0.03
WV,HC.gov,B,All,6650,921,294,0.81,0,0,0,0,0,0.81,778,166,0.06,0.05,0.11,0.14,0.18,0.45,0.01,0.45,0.55,0,0.02,0,0.02,0.78,0.01,0.01,0.17,0.01,0.89,0.1,0.43,0.57,N/A,N/A,N/A,N/A,N/A,0.12,0.04,0.15,0.21,0.19,0.25,0.04
WV,HC.gov,S,All,12428,1026,250,0.92,0.75,0.18,0.37,0.2,0,0.91,848,184,0.04,0.05,0.12,0.14,0.21,0.43,0.01,0.42,0.58,0,0.03,0,0.01,0.75,0.01,0.01,0.19,0.02,0.87,0.11,0.43,0.57,N/A,N/A,N/A,N/A,N/A,0.04,0.21,0.38,0.18,0.07,0.1,0.02
WV,HC.gov,G,All,901,1101,696,0.66,0,0,0,0,0,0.66,615,518,0.13,0.05,0.14,0.21,0.21,0.26,0,0.48,0.52,*,0.02,*,0.02,0.78,*,0.02,0.15,0.02,0.88,0.1,0.34,0.66,N/A,N/A,N/A,N/A,N/A,0.22,*,0.06,0.2,0.15,0.29,*
WY,HC.gov,B,All,4683,755,195,0.79,0.03,0,0,0,0.03,0.79,712,38,0.16,0.08,0.22,0.17,0.14,0.23,0,0.5,0.5,0.02,0.01,0,0,0.78,0.01,0.03,0.15,0.04,0.84,0.13,0.81,0.19,N/A,N/A,N/A,N/A,N/A,0.1,0.07,0.1,0.16,0.18,0.33,0.06
WY,HC.gov,S,All,5679,1169,111,0.96,0.93,0.06,0.26,0.61,0,0.96,"1,106.00",69,0.07,0.1,0.18,0.18,0.16,0.29,0.01,0.41,0.59,0,0.02,0,0,0.75,0.02,0.02,0.18,0.07,0.8,0.13,0.77,0.23,N/A,N/A,N/A,N/A,N/A,0,0.62,0.27,0.06,0.02,0.02,0.01
WY,HC.gov,G,All,14212,956,113,0.93,0.01,0,0,0,0.01,0.93,906,54,0.18,0.08,0.16,0.15,0.14,0.28,0,0.45,0.55,0.01,0.01,0,0,0.78,0.01,0.02,0.17,0.06,0.82,0.13,0.77,0.23,N/A,N/A,N/A,N/A,N/A,0.02,0.09,0.17,0.29,0.18,0.23,0.02
Total,HC.gov,B ,All,2738107,496,152,2171555,37939,0,0,0,37939,2167049,435,69,339348,242498,417174,426027,503885,788808,20367,1302396,1435711,31996,175630,1669,160171,1464033,44454,54447,805707,261656,1894596,581855,488699,2249408,N/A,N/A,N/A,N/A,N/A,330715,366955,405487,565682,436180,516258,116830
Total,HC.gov,S ,All,4874045,636,117,4585140,4291483,456941,1202758,2628486,3298,4573702,553,85,355656,539425,716725,799632,1014182,1361076,87349,2100460,2773585,7231,387331,4065,353225,2111053,100375,67485,1843280,707277,2887816,1278952,823329,4050716,N/A,N/A,N/A,N/A,N/A,101000,2629713,1234562,473392,161325,160531,113522
Total,HC.gov,G ,All,613105,724,320,455452,2866,0,0,0,2866,454894,545,209,88220,44639,87591,95860,110212,183598,2985,285572,327533,3119,27701,448,21970,410090,9178,12967,127632,45879,482425,84801,173623,439482,N/A,N/A,N/A,N/A,N/A,96620,31453,49676,150915,117927,135640,30874
Total,SBE,B,All,1031221,NR,NR,NR,NR,NR,NR,NR,NR,NR,NR,NR,NR,NR,NR,NR,NR,NR,NR,NR,NR,NR,NR,NR,NR,NR,NR,NR,NR,NR,NR,NR,NR,NR,N/A,N/A,N/A,N/A,N/A,NR,NR,NR,NR,NR,NR,NR
Total,SBE,S,All,1632686,NR,NR,NR,NR,NR,NR,NR,NR,NR,NR,NR,NR,NR,NR,NR,NR,NR,NR,NR,NR,NR,NR,NR,NR,NR,NR,NR,NR,NR,NR,NR,NR,NR,N/A,N/A,N/A,N/A,N/A,NR,NR,NR,NR,NR,NR,NR
Total,SBE,G,All,329705,NR,NR,NR,NR,NR,NR,NR,NR,NR,NR,NR,NR,NR,NR,NR,NR,NR,NR,NR,NR,NR,NR,NR,NR,NR,NR,NR,NR,NR,NR,NR,NR,NR,N/A,N/A,N/A,N/A,N/A,NR,NR,NR,NR,NR,NR,NR
Total,All,B,All,3769328,NR,NR,NR,NR,NR,NR,NR,NR,NR,NR,NR,NR,NR,NR,NR,NR,NR,NR,NR,NR,NR,NR,NR,NR,NR,NR,NR,NR,NR,NR,NR,NR,NR,N/A,N/A,N/A,N/A,N/A,NR,NR,NR,NR,NR,NR,NR
Total,All,S,All,6506731,NR,NR,NR,NR,NR,NR,NR,NR,NR,NR,NR,NR,NR,NR,NR,NR,NR,NR,NR,NR,NR,NR,NR,NR,NR,NR,NR,NR,NR,NR,NR,NR,NR,N/A,N/A,N/A,N/A,N/A,NR,NR,NR,NR,NR,NR,NR
Total,All,G,All,942810,NR,NR,NR,NR,NR,NR,NR,NR,NR,NR,NR,NR,NR,NR,NR,NR,NR,NR,NR,NR,NR,NR,NR,NR,NR,NR,NR,NR,NR,NR,NR,NR,NR,N/A,N/A,N/A,N/A,N/A,NR,NR,NR,NR,NR,NR,NR
AK,HC.gov,All,01-atv ,10261,767,164,0.87,0.24,0.01,0.09,0.07,0.07,0.86,701,91,0.15,0.05,0.16,0.17,0.18,0.29,0.01,0.46,0.54,0.06,0.07,0,0.01,0.68,0.01,0.04,0.12,0.04,0.87,0.09,0.51,0.49,+,0.5,0.18,0.31,+,0.1,0.09,0.21,0.21,0.16,0.2,0.03
AK,HC.gov,All,02-aut ,3186,727,266,0.72,0.2,0.02,0.08,0.07,0.03,0.71,653,76,0.13,0.07,0.21,0.17,0.15,0.24,0.02,0.49,0.51,0.03,0.1,0,0.01,0.61,0.02,0.03,0.2,0.05,0.78,0.17,0.5,0.5,+,0.56,0.24,0.2,+,0.12,0.11,0.23,0.2,0.14,0.14,0.06
AK,HC.gov,All,03-new ,4249,679,182,0.82,0.2,0.01,0.08,0.09,0.02,0.82,608,92,0.17,0.08,0.23,0.18,0.14,0.18,0.01,0.48,0.52,0.02,0.08,0.01,0.01,0.58,0.01,0.04,0.25,0.06,0.76,0.19,0.49,0.51,+,0.43,0.18,0.39,+,0.12,0.13,0.23,0.19,0.13,0.15,0.06
AL,HC.gov,All,01-atv ,86528,731,108,0.95,0.73,0.1,0.22,0.4,0,0.95,654,86,0.02,0.09,0.16,0.18,0.22,0.33,0,0.41,0.59,0.01,0.07,0,0.15,0.66,0.01,0.02,0.08,0.03,0.92,0.05,0.29,0.71,0.01,0.11,0.84,0.04,+,0.02,0.41,0.24,0.14,0.08,0.09,0.02
AL,HC.gov,All,02-aut ,36783,675,211,0.76,0.59,0.07,0.15,0.36,0,0.76,613,73,0.03,0.11,0.2,0.19,0.21,0.25,0.01,0.42,0.58,0.01,0.04,0,0.19,0.54,0.01,0.02,0.2,0.03,0.79,0.18,0.3,0.7,0.01,0.13,0.81,0.05,+,0.03,0.45,0.2,0.12,0.06,0.07,0.06
AL,HC.gov,All,03-new ,37118,613,100,0.91,0.7,0.07,0.19,0.44,0,0.91,563,66,0.03,0.15,0.22,0.19,0.2,0.2,0,0.42,0.58,0,0.05,0,0.21,0.5,0.01,0.02,0.2,0.03,0.82,0.15,0.26,0.74,0.03,0.16,0.77,0.04,+,0.02,0.47,0.22,0.12,0.06,0.06,0.05
AR,HC.gov,All,01-atv ,29141,550,187,0.9,0.56,0.15,0.25,0.14,0.01,0.9,404,156,0.09,0.07,0.12,0.15,0.19,0.39,0.01,0.43,0.57,0.01,0.05,0,0.05,0.73,0.01,0.02,0.14,0.04,0.89,0.08,0.38,0.62,+,0.27,0.7,0.03,+,0.06,0.15,0.29,0.23,0.13,0.13,0.02
AR,HC.gov,All,02-aut ,20735,523,235,0.77,0.55,0.12,0.23,0.19,0.01,0.76,379,148,0.09,0.09,0.16,0.16,0.19,0.3,0.01,0.44,0.56,0.01,0.03,0,0.07,0.64,0.01,0.02,0.22,0.04,0.78,0.17,0.41,0.59,+,0.19,0.79,0.03,+,0.07,0.22,0.3,0.17,0.1,0.09,0.05
AR,HC.gov,All,03-new ,14484,466,162,0.88,0.58,0.11,0.27,0.19,0.01,0.88,346,129,0.1,0.12,0.19,0.17,0.18,0.24,0.01,0.44,0.56,0.01,0.04,0,0.09,0.58,0.01,0.02,0.25,0.04,0.79,0.17,0.35,0.65,+,0.29,0.67,0.04,+,0.06,0.21,0.34,0.18,0.1,0.08,0.03
AZ,HC.gov,All,01-atv ,77049,617,210,0.83,0.45,0.14,0.19,0.11,0.01,0.82,494,137,0.14,0.07,0.1,0.12,0.18,0.38,0.01,0.45,0.55,0,0.08,0,0.01,0.65,0.03,0.03,0.2,0.16,0.76,0.09,0.1,0.9,0,0.37,0.6,0.03,+,0.14,0.11,0.23,0.23,0.13,0.14,0.03
AZ,HC.gov,All,02-aut ,41580,586,257,0.71,0.42,0.1,0.17,0.14,0.01,0.7,470,123,0.16,0.09,0.13,0.13,0.17,0.29,0.02,0.46,0.54,0.01,0.07,0,0.02,0.57,0.03,0.02,0.28,0.2,0.63,0.16,0.13,0.87,0.01,0.35,0.61,0.03,+,0.15,0.16,0.24,0.2,0.11,0.1,0.05
AZ,HC.gov,All,03-new ,34391,529,196,0.79,0.43,0.11,0.18,0.13,0.01,0.79,422,121,0.16,0.09,0.16,0.15,0.17,0.25,0.01,0.47,0.53,0,0.07,0,0.03,0.52,0.03,0.03,0.32,0.17,0.64,0.19,0.08,0.92,0.01,0.4,0.56,0.03,+,0.15,0.14,0.24,0.22,0.11,0.11,0.04
CA,SBE,All,01-atv,466154,NR,NR,NR,NR,NR,NR,NR,NR,NR,NR,NR,0.06,0.09,0.13,0.14,0.22,0.35,0.01,NR,NR,NR,NR,NR,NR,NR,NR,NR,NR,NR,NR,NR,NR,NR,NR,0.24,0.64,0.08,NR,NR,0.17,0.28,0.18,0.14,0.14,0.09
CA,SBE,All,02-aut,654613,NR,NR,NR,NR,NR,NR,NR,NR,NR,NR,NR,0.07,0.09,0.17,0.15,0.21,0.3,0.01,NR,NR,NR,NR,NR,NR,NR,NR,NR,NR,NR,NR,NR,NR,NR,NR,0.31,0.53,0.11,NR,NR,0.15,0.28,0.16,0.13,0.14,0.14
CA,SBE,All,03-new,418052,NR,NR,NR,NR,NR,NR,NR,NR,NR,NR,NR,0.08,0.13,0.22,0.16,0.19,0.21,0.01,NR,NR,NR,NR,NR,NR,NR,NR,NR,NR,NR,NR,NR,NR,NR,NR,0.36,0.49,0.09,NR,NR,0.13,0.26,0.18,0.13,0.15,0.14
CO,SBE,All,01-atv,78826,NR,NR,NR,NR,NR,NR,NR,NR,NR,NR,NR,0.1,0.07,0.14,0.15,0.17,0.32,0.05,NR,NR,NR,NR,NR,NR,NR,NR,NR,NR,NR,NR,NR,NR,NR,NR,0.54,0.39,NR,NR,NR,0.07,0.16,0.13,0.12,0.16,0.36
CO,SBE,All,02-aut,53643,NR,NR,NR,NR,NR,NR,NR,NR,NR,NR,NR,0.09,0.07,0.19,0.17,0.17,0.26,0.05,NR,NR,NR,NR,NR,NR,NR,NR,NR,NR,NR,NR,NR,NR,NR,NR,0.51,0.42,NR,NR,NR,0.09,0.21,0.16,0.12,0.15,0.27
CO,SBE,All,03-new,34383,NR,NR,NR,NR,NR,NR,NR,NR,NR,NR,NR,0.12,0.1,0.23,0.16,0.15,0.21,0.02,NR,NR,NR,NR,NR,NR,NR,NR,NR,NR,NR,NR,NR,NR,NR,NR,0.51,0.38,NR,NR,NR,0.06,0.13,0.1,0.09,0.12,0.5
CT,SBE,All,01-atv,25064,NR,NR,NR,NR,NR,NR,NR,NR,NR,NR,NR,0.05,0.08,0.11,0.12,0.2,0.41,0.03,NR,NR,NR,NR,NR,NR,NR,NR,NR,NR,NR,NR,NR,NR,NR,NR,0.4,0.54,0.05,NR,NR,0.08,0.19,0.18,0.12,0.18,0.25
CT,SBE,All,02-aut,57489,NR,NR,NR,NR,NR,NR,NR,NR,NR,NR,NR,0.08,0.08,0.12,0.13,0.21,0.35,0.01,NR,NR,NR,NR,NR,NR,NR,NR,NR,NR,NR,NR,NR,NR,NR,NR,0.5,0.42,0.07,NR,NR,0.06,0.16,0.13,0.1,0.16,0.39
CT,SBE,All,03-new,25280,NR,NR,NR,NR,NR,NR,NR,NR,NR,NR,NR,0.07,0.12,0.21,0.15,0.19,0.24,0.01,NR,NR,NR,NR,NR,NR,NR,NR,NR,NR,NR,NR,NR,NR,NR,NR,0.41,0.49,0.07,NR,NR,0.09,0.18,0.16,0.1,0.15,0.33
DC,SBE,All,01-atv,1524,NR,NR,NR,NR,NR,NR,NR,NR,NR,NR,NR,0.11,0.04,0.29,0.25,0.17,0.14,0,NR,NR,NR,NR,NR,NR,NR,NR,NR,NR,NR,NR,NR,NR,NR,NR,0.32,0.26,0.28,NR,NR,*,*,0.02,0.02,0.02,0.94
DC,SBE,All,02-aut,11800,NR,NR,NR,NR,NR,NR,NR,NR,NR,NR,NR,0.11,0.05,0.28,0.22,0.17,0.16,0.01,NR,NR,NR,NR,NR,NR,NR,NR,NR,NR,NR,NR,NR,NR,NR,NR,0.27,0.27,0.22,NR,NR,0,0,0.02,0.02,0.02,0.94
DC,SBE,All,03-new,4214,NR,NR,NR,NR,NR,NR,NR,NR,NR,NR,NR,0.1,0.09,0.39,0.2,0.11,0.09,0.01,NR,NR,NR,NR,NR,NR,NR,NR,NR,NR,NR,NR,NR,NR,NR,NR,0.33,0.22,0.2,NR,NR,0,0,0.01,0,0,0.98
DE,HC.gov,All,01-atv ,12234,699,178,0.88,0.27,0.03,0.14,0.09,0,0.88,596,117,0.12,0.06,0.12,0.14,0.19,0.35,0.01,0.44,0.56,0,0.09,0,0.07,0.63,0.01,0.02,0.16,0.05,0.87,0.08,0.25,0.75,0,0.31,0.3,0.36,0.03,0.09,0.1,0.21,0.21,0.16,0.2,0.03
DE,HC.gov,All,02-aut ,5671,664,213,0.79,0.39,0.06,0.17,0.16,0,0.79,575,96,0.12,0.08,0.16,0.15,0.18,0.29,0.02,0.46,0.54,0,0.08,0,0.11,0.54,0.02,0.03,0.22,0.07,0.76,0.17,0.25,0.75,0,0.31,0.5,0.17,0.02,0.07,0.18,0.25,0.18,0.12,0.13,0.06
DE,HC.gov,All,03-new ,6056,610,204,0.79,0.22,0.02,0.1,0.1,0,0.78,518,107,0.14,0.09,0.18,0.17,0.17,0.24,0.01,0.45,0.55,0,0.09,0,0.13,0.47,0.02,0.02,0.27,0.07,0.79,0.14,0.22,0.78,0.01,0.33,0.23,0.39,0.03,0.15,0.12,0.2,0.2,0.12,0.16,0.04
FL,HC.gov,All,01-atv ,1045638,624,86,0.96,0.7,0.03,0.13,0.55,0,0.96,557,68,0.08,0.11,0.12,0.16,0.23,0.29,0.02,0.44,0.56,0,0.04,0,0.06,0.36,0.02,0.01,0.51,0.26,0.39,0.35,0.03,0.97,0,0.25,0.71,0.03,0.01,0.02,0.59,0.17,0.1,0.05,0.05,0.01
FL,HC.gov,All,02-aut ,342828,602,170,0.82,0.51,0.03,0.11,0.36,0,0.82,526,75,0.08,0.12,0.17,0.17,0.2,0.25,0.02,0.45,0.55,0,0.03,0,0.07,0.36,0.02,0.01,0.5,0.17,0.43,0.4,0.05,0.95,0,0.37,0.59,0.04,0.01,0.05,0.51,0.18,0.1,0.06,0.06,0.04
FL,HC.gov,All,03-new ,525509,539,76,0.95,0.63,0.02,0.11,0.5,0,0.95,487,54,0.09,0.15,0.17,0.18,0.2,0.19,0.02,0.46,0.54,0,0.02,0,0.08,0.24,0.02,0.01,0.63,0.17,0.33,0.5,0.03,0.97,0,0.33,0.63,0.03,0.01,0.02,0.62,0.17,0.09,0.04,0.04,0.02
GA,HC.gov,All,01-atv ,241436,593,117,0.92,0.68,0.05,0.16,0.47,0,0.92,519,80,0.07,0.11,0.13,0.16,0.23,0.28,0.01,0.44,0.56,0,0.2,0,0.13,0.38,0.02,0.02,0.25,0.08,0.77,0.15,0.14,0.86,0,0.19,0.74,0.06,0,0.06,0.49,0.19,0.1,0.07,0.07,0.02
GA,HC.gov,All,02-aut ,80095,589,219,0.74,0.54,0.05,0.14,0.35,0,0.74,498,97,0.08,0.11,0.17,0.17,0.2,0.25,0.02,0.43,0.57,0,0.07,0,0.19,0.41,0.02,0.02,0.29,0.07,0.7,0.22,0.16,0.84,0.01,0.22,0.72,0.05,0,0.09,0.44,0.19,0.1,0.07,0.06,0.06
GA,HC.gov,All,03-new ,142379,508,110,0.89,0.65,0.04,0.14,0.48,0,0.88,450,65,0.1,0.14,0.19,0.18,0.2,0.18,0.01,0.44,0.56,0,0.09,0,0.21,0.26,0.01,0.02,0.41,0.07,0.64,0.3,0.13,0.87,0.01,0.23,0.69,0.06,0,0.06,0.53,0.18,0.09,0.05,0.05,0.04
HI,HC.gov,All,01-atv ,9848,673,212,0.85,0.32,0.03,0.11,0.17,0,0.85,544,157,0.06,0.05,0.1,0.17,0.23,0.38,0.01,0.43,0.57,0,0.31,0.02,0,0.38,0.07,0.12,0.09,0.05,0.9,0.05,0.38,0.62,0.01,0.28,0.34,0.3,0.07,0.09,0.12,0.24,0.18,0.12,0.14,0.11
HI,HC.gov,All,02-aut ,5441,617,275,0.65,0.37,0.03,0.07,0.27,0,0.65,525,113,0.06,0.08,0.16,0.2,0.2,0.27,0.03,0.42,0.58,0,0.21,0.05,0,0.24,0.23,0.11,0.15,0.05,0.83,0.13,0.32,0.68,0.01,0.22,0.51,0.21,0.05,0.1,0.12,0.17,0.12,0.07,0.08,0.34
HI,HC.gov,All,03-new ,4784,566,185,0.8,0.39,0.02,0.08,0.3,0,0.8,475,118,0.07,0.1,0.18,0.21,0.21,0.22,0.01,0.43,0.57,0,0.24,0.05,0.01,0.25,0.19,0.13,0.14,0.06,0.84,0.11,0.31,0.69,0.02,0.29,0.42,0.21,0.06,0.09,0.15,0.2,0.14,0.08,0.09,0.25
IA,HC.gov,All,01-atv ,27154,865,83,0.92,0.33,0.04,0.19,0.11,0,0.92,850,34,0.04,0.06,0.14,0.15,0.18,0.42,0.01,0.45,0.55,0,0.03,0,0.01,0.78,0.01,0.01,0.16,0.03,0.88,0.09,0.51,0.49,0,0.2,0.34,0.45,+,0.05,0.11,0.24,0.2,0.14,0.23,0.02
IA,HC.gov,All,02-aut ,14817,812,178,0.8,0.34,0.05,0.17,0.12,0,0.8,792,33,0.05,0.08,0.17,0.15,0.18,0.36,0.01,0.47,0.53,0,0.04,0,0.02,0.67,0.01,0.01,0.24,0.04,0.76,0.21,0.46,0.54,0.01,0.27,0.43,0.29,+,0.08,0.16,0.27,0.19,0.12,0.15,0.04
IA,HC.gov,All,03-new ,12615,743,91,0.89,0.31,0.03,0.17,0.11,0,0.89,735,34,0.07,0.11,0.19,0.16,0.16,0.3,0.01,0.48,0.52,0,0.04,0,0.02,0.67,0.01,0.01,0.25,0.04,0.79,0.17,0.46,0.54,0.01,0.24,0.32,0.44,+,0.07,0.12,0.25,0.2,0.13,0.2,0.03
ID,SBE,All,01-atv,21586,NR,NR,NR,NR,NR,NR,NR,NR,NR,NR,NR,0.13,0.09,0.15,0.18,0.16,0.28,0,NR,NR,NR,NR,NR,NR,NR,NR,NR,NR,NR,NR,NR,NR,NR,NR,0.5,0.5,NR,NR,NR,NR,NR,NR,NR,NR,NR
ID,SBE,All,02-aut,37921,NR,NR,NR,NR,NR,NR,NR,NR,NR,NR,NR,0.19,0.1,0.15,0.16,0.15,0.26,0,NR,NR,NR,NR,NR,NR,NR,NR,NR,NR,NR,NR,NR,NR,NR,NR,0.68,0.28,NR,NR,NR,NR,NR,NR,NR,NR,NR
ID,SBE,All,03-new,18924,NR,NR,NR,NR,NR,NR,NR,NR,NR,NR,NR,0.28,0.12,0.17,0.14,0.12,0.18,0,NR,NR,NR,NR,NR,NR,NR,NR,NR,NR,NR,NR,NR,NR,NR,NR,0.5,0.24,NR,NR,NR,NR,NR,NR,NR,NR,NR
IL,HC.gov,All,01-atv ,146699,672,209,0.88,0.42,0.08,0.19,0.15,0,0.88,528,161,0.06,0.07,0.14,0.15,0.2,0.37,0.01,0.46,0.54,0,0.11,0,0.03,0.66,0.02,0.02,0.16,0.07,0.83,0.09,0.16,0.84,0,0.42,0.5,0.08,+,0.08,0.16,0.25,0.18,0.12,0.18,0.04
IL,HC.gov,All,02-aut ,82257,635,274,0.73,0.39,0.07,0.16,0.16,0,0.72,499,150,0.07,0.08,0.18,0.16,0.19,0.3,0.02,0.48,0.52,0,0.09,0,0.04,0.57,0.02,0.01,0.26,0.09,0.72,0.19,0.13,0.87,0,0.38,0.53,0.09,+,0.12,0.19,0.24,0.15,0.09,0.13,0.06
IL,HC.gov,All,03-new ,63989,555,195,0.83,0.43,0.07,0.19,0.17,0,0.83,434,139,0.08,0.11,0.22,0.17,0.18,0.24,0.01,0.47,0.53,0,0.11,0,0.07,0.5,0.02,0.02,0.27,0.09,0.72,0.18,0.1,0.9,0.01,0.43,0.49,0.07,+,0.1,0.19,0.27,0.17,0.09,0.14,0.05
IN,HC.gov,All,01-atv ,73905,564,265,0.72,0.41,0.11,0.19,0.11,0,0.72,415,171,0.1,0.06,0.11,0.14,0.18,0.39,0,0.45,0.55,0,0.06,0,0.02,0.71,0.01,0.01,0.18,0.03,0.87,0.1,0.26,0.74,+,0.33,0.64,0.03,+,0.22,0.11,0.21,0.15,0.13,0.14,0.03
IN,HC.gov,All,02-aut ,37601,546,324,0.57,0.39,0.09,0.17,0.14,0,0.56,397,153,0.12,0.08,0.14,0.15,0.18,0.32,0.01,0.48,0.52,0,0.04,0,0.03,0.66,0.01,0.01,0.24,0.03,0.76,0.2,0.26,0.74,+,0.25,0.7,0.05,+,0.28,0.16,0.21,0.12,0.08,0.1,0.05
IN,HC.gov,All,03-new ,29425,490,211,0.77,0.43,0.09,0.2,0.14,0,0.77,363,141,0.11,0.1,0.18,0.16,0.17,0.26,0,0.46,0.54,0,0.06,0,0.06,0.56,0.01,0.02,0.3,0.04,0.76,0.2,0.22,0.78,+,0.4,0.57,0.03,+,0.15,0.16,0.26,0.16,0.12,0.11,0.04
KS,HC.gov,All,01-atv ,48966,668,148,0.91,0.41,0.03,0.11,0.26,0.01,0.91,573,103,0.09,0.08,0.15,0.16,0.17,0.34,0.01,0.45,0.55,0.01,0.06,0,0.02,0.71,0.01,0.02,0.16,0.07,0.84,0.09,0.39,0.61,0,0.28,0.44,0.28,+,0.05,0.31,0.2,0.16,0.12,0.13,0.03
KS,HC.gov,All,02-aut ,18994,625,262,0.71,0.36,0.04,0.1,0.21,0.01,0.7,516,113,0.11,0.11,0.18,0.16,0.16,0.26,0.01,0.47,0.53,0.01,0.04,0,0.04,0.63,0.02,0.02,0.25,0.08,0.73,0.2,0.35,0.65,0.01,0.29,0.47,0.24,+,0.09,0.31,0.2,0.14,0.1,0.1,0.07
KS,HC.gov,All,03-new ,17877,570,137,0.87,0.41,0.03,0.11,0.26,0.01,0.87,497,84,0.11,0.13,0.2,0.17,0.15,0.23,0.01,0.47,0.53,0,0.06,0,0.04,0.58,0.01,0.03,0.28,0.08,0.73,0.19,0.33,0.67,0.02,0.34,0.44,0.21,+,0.06,0.36,0.2,0.14,0.1,0.09,0.05
KY,HC.gov,All,01-atv ,42125,623,175,0.84,0.4,0.11,0.2,0.1,0,0.84,536,114,0.11,0.06,0.12,0.15,0.18,0.38,0.01,0.43,0.57,0,0.04,0,0.02,0.77,0.01,0.01,0.14,0.02,0.88,0.1,0.47,0.53,0.01,0.43,0.5,0.06,+,0.12,0.1,0.25,0.21,0.14,0.15,0.03
KY,HC.gov,All,02-aut ,20391,609,238,0.71,0.42,0.09,0.18,0.15,0,0.71,524,110,0.11,0.08,0.15,0.15,0.18,0.31,0.01,0.46,0.54,0,0.03,0,0.04,0.7,0.01,0.01,0.21,0.03,0.79,0.18,0.49,0.51,0.01,0.37,0.56,0.06,+,0.14,0.18,0.26,0.17,0.09,0.1,0.05
KY,HC.gov,All,03-new ,20623,518,154,0.83,0.39,0.09,0.18,0.12,0,0.83,440,94,0.13,0.1,0.18,0.17,0.17,0.24,0,0.46,0.54,0,0.04,0,0.05,0.64,0.01,0.02,0.24,0.03,0.79,0.18,0.41,0.59,0.01,0.49,0.45,0.05,+,0.11,0.15,0.27,0.21,0.11,0.12,0.03
LA,HC.gov,All,01-atv ,45485,703,160,0.92,0.52,0.09,0.23,0.19,0,0.92,588,125,0.07,0.06,0.13,0.15,0.2,0.37,0.01,0.42,0.58,0,0.1,0,0.1,0.57,0.01,0.02,0.19,0.04,0.83,0.14,0.16,0.84,+,0.32,0.61,0.07,+,0.05,0.2,0.28,0.17,0.15,0.13,0.02
LA,HC.gov,All,02-aut ,22633,692,276,0.74,0.44,0.08,0.18,0.18,0,0.73,568,133,0.08,0.07,0.17,0.16,0.2,0.31,0.02,0.44,0.56,0,0.05,0,0.14,0.46,0.01,0.01,0.32,0.04,0.68,0.28,0.17,0.83,+,0.29,0.64,0.07,+,0.07,0.24,0.27,0.15,0.12,0.11,0.04
LA,HC.gov,All,03-new ,19630,600,160,0.88,0.48,0.07,0.21,0.19,0,0.88,502,112,0.09,0.1,0.2,0.18,0.19,0.24,0.01,0.44,0.56,0,0.07,0,0.16,0.44,0.01,0.02,0.29,0.04,0.73,0.23,0.15,0.85,+,0.38,0.55,0.07,+,0.07,0.22,0.29,0.17,0.12,0.11,0.03
MA,SBE,All,01-atv,57152,NR,NR,NR,NR,NR,NR,NR,NR,NR,NR,NR,0.05,0.1,0.19,0.19,0.21,0.25,0.01,NR,NR,NR,NR,NR,NR,NR,NR,NR,NR,NR,NR,NR,NR,NR,NR,0.14,0.81,0.03,NR,NR,0.11,0.22,0.2,0.14,0.11,0.22
MA,SBE,All,02-aut,210830,NR,NR,NR,NR,NR,NR,NR,NR,NR,NR,NR,0.04,0.1,0.22,0.2,0.2,0.23,0.01,NR,NR,NR,NR,NR,NR,NR,NR,NR,NR,NR,NR,NR,NR,NR,NR,0.09,0.87,0.03,NR,NR,0.12,0.23,0.2,0.13,0.07,0.25
MA,SBE,All,03-new,51630,NR,NR,NR,NR,NR,NR,NR,NR,NR,NR,NR,0.09,0.15,0.26,0.18,0.16,0.15,0,NR,NR,NR,NR,NR,NR,NR,NR,NR,NR,NR,NR,NR,NR,NR,NR,0.17,0.79,0.03,NR,NR,0.14,0.24,0.18,0.11,0.09,0.25
MD,SBE,All,01-atv,34061,NR,NR,NR,NR,NR,NR,NR,NR,NR,NR,NR,0.03,0.09,0.14,0.18,0.23,0.3,0.03,NR,NR,NR,NR,NR,NR,NR,NR,NR,NR,NR,NR,NR,NR,NR,NR,0.2,0.37,0.41,NR,NR,0.1,0.23,0.18,0.12,0.15,0.22
MD,SBE,All,02-aut,86135,NR,NR,NR,NR,NR,NR,NR,NR,NR,NR,NR,0.04,0.09,0.19,0.17,0.19,0.27,0.04,NR,NR,NR,NR,NR,NR,NR,NR,NR,NR,NR,NR,NR,NR,NR,NR,0.2,0.46,0.3,NR,NR,0.12,0.23,0.14,0.08,0.1,0.33
MD,SBE,All,03-new,38738,NR,NR,NR,NR,NR,NR,NR,NR,NR,NR,NR,0.07,0.13,0.24,0.18,0.17,0.19,0.03,NR,NR,NR,NR,NR,NR,NR,NR,NR,NR,NR,NR,NR,NR,NR,NR,0.27,0.28,0.4,NR,NR,0.1,0.2,0.14,0.08,0.11,0.37
ME,HC.gov,All,01-atv ,35671,663,164,0.88,0.32,0.08,0.15,0.09,0,0.88,570,111,0.13,0.06,0.12,0.14,0.18,0.37,0,0.45,0.55,0,0.02,0,0,0.84,0.01,0.01,0.12,0.01,0.91,0.08,0.57,0.43,0.01,0.59,0.38,0.02,+,0.08,0.11,0.21,0.22,0.17,0.19,0.03
ME,HC.gov,All,02-aut ,15455,647,215,0.77,0.37,0.06,0.12,0.2,0,0.77,561,101,0.12,0.07,0.17,0.15,0.18,0.3,0.01,0.47,0.53,0,0.02,0,0.01,0.77,0.01,0.01,0.18,0.01,0.83,0.16,0.55,0.45,0.01,0.48,0.49,0.03,+,0.08,0.27,0.21,0.17,0.11,0.12,0.05
ME,HC.gov,All,03-new ,10905,563,163,0.83,0.32,0.07,0.15,0.1,0,0.83,480,102,0.15,0.08,0.19,0.16,0.17,0.25,0,0.48,0.52,0,0.02,0,0.01,0.72,0.01,0.01,0.22,0.02,0.81,0.17,0.52,0.48,0.02,0.59,0.36,0.02,+,0.1,0.12,0.24,0.21,0.14,0.16,0.03
MI,HC.gov,All,01-atv ,137278,502,164,0.89,0.39,0.09,0.16,0.13,0,0.88,382,134,0.12,0.07,0.12,0.14,0.18,0.37,0.01,0.46,0.54,0,0.04,0,0.03,0.65,0.01,0.01,0.26,0.02,0.79,0.19,0.26,0.74,0.01,0.48,0.46,0.05,0,0.07,0.15,0.22,0.22,0.15,0.16,0.02
MI,HC.gov,All,02-aut ,69099,485,221,0.73,0.37,0.08,0.15,0.14,0,0.72,366,134,0.12,0.08,0.15,0.15,0.18,0.3,0.01,0.48,0.52,0,0.05,0,0.03,0.56,0.01,0.01,0.33,0.02,0.7,0.27,0.23,0.77,0.01,0.43,0.52,0.04,0,0.1,0.18,0.23,0.18,0.11,0.13,0.06
MI,HC.gov,All,03-new ,56542,420,151,0.83,0.36,0.06,0.15,0.15,0,0.83,325,112,0.13,0.1,0.19,0.15,0.17,0.25,0.01,0.48,0.52,0,0.05,0,0.05,0.5,0.01,0.02,0.37,0.02,0.68,0.29,0.19,0.81,0.02,0.52,0.41,0.05,0,0.09,0.18,0.24,0.2,0.12,0.13,0.04
MN,SBE,All,01-atv,15651,NR,NR,NR,NR,NR,NR,NR,NR,NR,NR,NR,0.12,0.08,0.11,0.12,0.17,0.41,0,NR,NR,NR,NR,NR,NR,NR,NR,NR,NR,NR,NR,NR,NR,NR,NR,0.55,0.3,0.14,+,NR,0,0,0.22,0.17,0.23,0.37
MN,SBE,All,02-aut,68569,NR,NR,NR,NR,NR,NR,NR,NR,NR,NR,NR,0.11,0.06,0.12,0.14,0.16,0.4,0.01,NR,NR,NR,NR,NR,NR,NR,NR,NR,NR,NR,NR,NR,NR,NR,NR,0.52,0.31,0.15,+,NR,0,0,0.22,0.17,0.22,0.4
MN,SBE,All,03-new,25822,NR,NR,NR,NR,NR,NR,NR,NR,NR,NR,NR,0.13,0.09,0.2,0.15,0.15,0.27,0,NR,NR,NR,NR,NR,NR,NR,NR,NR,NR,NR,NR,NR,NR,NR,NR,0.52,0.26,0.16,+,NR,0,0,0.22,0.13,0.16,0.49
MO,HC.gov,All,01-atv ,107380,673,146,0.88,0.61,0.08,0.19,0.33,0,0.88,599,90,0.07,0.08,0.14,0.16,0.19,0.36,0,0.45,0.55,0,0.06,0,0.03,0.66,0.01,0.02,0.22,0.02,0.83,0.15,0.3,0.7,0,0.26,0.72,0.02,+,0.09,0.36,0.22,0.13,0.07,0.11,0.02
MO,HC.gov,All,02-aut ,46731,610,220,0.73,0.5,0.07,0.15,0.28,0,0.73,536,88,0.08,0.1,0.18,0.17,0.18,0.28,0.01,0.46,0.54,0,0.03,0,0.05,0.6,0.01,0.02,0.28,0.03,0.73,0.24,0.26,0.74,0,0.28,0.7,0.01,+,0.11,0.37,0.2,0.12,0.06,0.08,0.06
MO,HC.gov,All,03-new ,48639,570,127,0.87,0.56,0.06,0.15,0.34,0,0.87,510,73,0.08,0.13,0.2,0.17,0.18,0.24,0,0.46,0.54,0,0.04,0,0.06,0.48,0.01,0.01,0.39,0.02,0.68,0.3,0.27,0.73,0.01,0.33,0.63,0.03,+,0.07,0.43,0.21,0.12,0.06,0.07,0.04
MS,HC.gov,All,01-atv ,42347,637,63,0.98,0.86,0.08,0.18,0.59,0,0.98,586,52,0.04,0.11,0.13,0.17,0.22,0.33,0,0.38,0.62,0,0.06,0,0.23,0.32,0.01,0.01,0.37,0.02,0.74,0.25,0.6,0.4,+,0.08,0.92,0.01,+,0.01,0.61,0.19,0.1,0.04,0.03,0.01
MS,HC.gov,All,02-aut ,23443,633,154,0.84,0.76,0.08,0.17,0.5,0,0.84,569,62,0.04,0.12,0.15,0.17,0.2,0.29,0.02,0.38,0.62,0,0.04,0,0.28,0.29,0.01,0.01,0.37,0.02,0.65,0.34,0.56,0.44,+,0.03,0.96,0,+,0.01,0.6,0.2,0.09,0.04,0.04,0.03
MS,HC.gov,All,03-new ,33102,553,56,0.96,0.83,0.05,0.15,0.62,0,0.96,517,39,0.05,0.17,0.18,0.19,0.21,0.21,0,0.4,0.6,0,0.03,0,0.22,0.19,0.01,0.01,0.55,0.01,0.58,0.41,0.62,0.38,+,0.13,0.86,0.01,+,0.01,0.67,0.17,0.07,0.03,0.02,0.02
MT,HC.gov,All,01-atv ,24943,600,153,0.88,0.29,0.05,0.14,0.07,0.02,0.87,510,105,0.08,0.05,0.14,0.17,0.17,0.38,0,0.46,0.54,0.02,0.01,0,0,0.84,0.01,0.02,0.1,0.02,0.93,0.05,0.75,0.25,0,0.64,0.3,0.06,+,0.08,0.09,0.22,0.18,0.17,0.23,0.03
MT,HC.gov,All,02-aut ,10335,565,243,0.7,0.27,0.04,0.1,0.08,0.05,0.68,477,98,0.09,0.08,0.17,0.17,0.17,0.3,0.01,0.5,0.5,0.05,0.01,0,0,0.75,0.01,0.02,0.16,0.02,0.84,0.13,0.73,0.27,0.01,0.63,0.31,0.05,+,0.11,0.13,0.22,0.18,0.14,0.17,0.06
MT,HC.gov,All,03-new ,8544,502,146,0.85,0.3,0.04,0.15,0.09,0.02,0.84,423,93,0.12,0.11,0.23,0.17,0.14,0.24,0,0.49,0.51,0.02,0.01,0,0,0.76,0.01,0.02,0.18,0.03,0.86,0.11,0.72,0.28,0.01,0.6,0.31,0.08,+,0.08,0.11,0.25,0.19,0.14,0.18,0.03
NC,HC.gov,All,01-atv ,262660,680,96,0.94,0.55,0.06,0.16,0.32,0,0.93,624,69,0.09,0.09,0.14,0.16,0.21,0.3,0.01,0.43,0.57,0,0.06,0,0.08,0.58,0.01,0.02,0.24,0.06,0.81,0.13,0.25,0.75,0.01,0.31,0.56,0.11,+,0.04,0.35,0.2,0.16,0.11,0.13,0.02
NC,HC.gov,All,02-aut ,116980,693,191,0.81,0.52,0.07,0.14,0.31,0,0.81,622,85,0.09,0.1,0.18,0.17,0.2,0.25,0.01,0.45,0.55,0.01,0.04,0,0.11,0.51,0.02,0.01,0.31,0.05,0.69,0.25,0.29,0.71,0.01,0.27,0.64,0.08,+,0.04,0.38,0.2,0.15,0.09,0.1,0.05
NC,HC.gov,All,03-new ,125635,590,89,0.9,0.56,0.05,0.15,0.37,0,0.9,554,55,0.1,0.13,0.2,0.18,0.19,0.19,0,0.44,0.56,0,0.04,0,0.13,0.42,0.02,0.02,0.38,0.06,0.68,0.25,0.24,0.76,0.03,0.32,0.57,0.08,+,0.04,0.42,0.2,0.14,0.08,0.09,0.04
ND,HC.gov,All,01-atv ,12377,466,169,0.89,0.36,0.07,0.21,0.07,0.02,0.89,334,142,0.24,0.07,0.14,0.15,0.13,0.27,0,0.48,0.52,0.01,0.02,0,0.01,0.79,0.01,0.01,0.15,0.02,0.9,0.09,0.66,0.34,0.01,0.41,0.38,0.21,+,0.06,0.08,0.28,0.23,0.15,0.18,0.02
ND,HC.gov,All,02-aut ,5292,466,241,0.71,0.37,0.06,0.15,0.09,0.07,0.7,319,148,0.24,0.09,0.16,0.15,0.13,0.23,0.01,0.5,0.5,0.07,0.02,0,0.02,0.7,0.01,0.02,0.16,0.02,0.79,0.18,0.64,0.36,0.02,0.4,0.41,0.16,+,0.09,0.14,0.26,0.19,0.11,0.15,0.06
ND,HC.gov,All,03-new ,3997,394,157,0.82,0.36,0.05,0.18,0.1,0.02,0.82,290,124,0.25,0.1,0.21,0.13,0.12,0.18,0,0.48,0.52,0.02,0.04,0,0.04,0.66,0.01,0.03,0.21,0.04,0.81,0.15,0.55,0.45,0.04,0.44,0.36,0.17,+,0.08,0.11,0.28,0.21,0.12,0.15,0.05
NE,HC.gov,All,01-atv ,55325,787,77,0.96,0.29,0.02,0.09,0.18,0.01,0.96,737,55,0.16,0.09,0.15,0.16,0.16,0.27,0,0.47,0.53,0,0.03,0,0.01,0.73,0.01,0.01,0.21,0.05,0.8,0.16,0.56,0.44,0,0.42,0.29,0.29,+,0.02,0.23,0.17,0.21,0.15,0.2,0.01
NE,HC.gov,All,02-aut ,17459,772,217,0.81,0.34,0.04,0.1,0.18,0.01,0.8,692,83,0.14,0.11,0.19,0.17,0.15,0.23,0.01,0.48,0.52,0.01,0.02,0,0.03,0.65,0.01,0.02,0.25,0.07,0.73,0.2,0.45,0.55,0.01,0.31,0.41,0.27,+,0.04,0.27,0.2,0.18,0.12,0.15,0.05
NE,HC.gov,All,03-new ,18061,688,92,0.92,0.28,0.01,0.08,0.18,0,0.92,646,53,0.17,0.14,0.19,0.17,0.14,0.19,0,0.48,0.52,0,0.03,0,0.02,0.61,0.01,0.02,0.3,0.06,0.72,0.23,0.48,0.52,0.02,0.42,0.28,0.28,+,0.04,0.27,0.18,0.19,0.12,0.17,0.03
NH,HC.gov,All,01-atv ,23344,557,227,0.75,0.36,0.1,0.17,0.09,0,0.75,439,145,0.07,0.06,0.13,0.14,0.19,0.4,0,0.45,0.55,0,0.04,0,0,0.74,0.01,0.01,0.19,0.02,0.86,0.11,0.45,0.55,0.01,0.42,0.51,0.06,+,0.18,0.09,0.2,0.17,0.12,0.2,0.04
NH,HC.gov,All,02-aut ,11559,515,277,0.59,0.34,0.08,0.15,0.12,0,0.58,408,126,0.08,0.09,0.18,0.14,0.19,0.31,0.01,0.48,0.52,0,0.03,0,0.01,0.67,0.01,0.01,0.27,0.02,0.74,0.23,0.41,0.59,0.02,0.37,0.56,0.05,+,0.24,0.14,0.19,0.14,0.09,0.14,0.06
NH,HC.gov,All,03-new ,9509,476,218,0.7,0.34,0.09,0.16,0.1,0,0.7,370,132,0.09,0.1,0.21,0.15,0.18,0.27,0,0.48,0.52,0,0.04,0,0.01,0.62,0.01,0.01,0.3,0.03,0.77,0.2,0.4,0.6,0.03,0.44,0.47,0.06,+,0.2,0.11,0.21,0.17,0.11,0.16,0.05
NJ,HC.gov,All,01-atv ,127627,587,239,0.8,0.48,0.13,0.21,0.14,0,0.8,437,178,0.07,0.08,0.13,0.14,0.21,0.35,0.02,0.45,0.55,0,0.16,0,0.04,0.57,0.04,0.02,0.17,0.12,0.79,0.09,0.01,0.99,0,0.23,0.75,0.02,+,0.13,0.13,0.24,0.17,0.11,0.16,0.06
NJ,HC.gov,All,02-aut ,56380,549,287,0.61,0.4,0.09,0.16,0.15,0,0.61,431,143,0.08,0.09,0.17,0.15,0.2,0.29,0.02,0.47,0.53,0,0.12,0,0.05,0.5,0.04,0.02,0.26,0.15,0.69,0.16,0.01,0.99,0.01,0.23,0.74,0.02,+,0.16,0.17,0.23,0.14,0.09,0.12,0.1
NJ,HC.gov,All,03-new ,62419,492,203,0.78,0.47,0.11,0.21,0.15,0,0.78,372,142,0.08,0.11,0.21,0.17,0.2,0.23,0.02,0.47,0.53,0,0.14,0,0.08,0.42,0.04,0.02,0.29,0.17,0.66,0.17,0.01,0.99,0.01,0.31,0.67,0.01,+,0.11,0.16,0.26,0.17,0.1,0.13,0.07
NM,HC.gov,All,01-atv ,22746,499,187,0.8,0.34,0.05,0.17,0.11,0.01,0.8,390,129,0.07,0.05,0.1,0.13,0.19,0.44,0.01,0.44,0.56,0.01,0.05,0,0.01,0.59,0.04,0.02,0.28,0.32,0.58,0.1,0.3,0.7,0,0.33,0.36,0.31,+,0.14,0.11,0.24,0.18,0.14,0.15,0.05
NM,HC.gov,All,02-aut ,10050,471,225,0.65,0.31,0.04,0.13,0.12,0.02,0.65,380,109,0.08,0.07,0.14,0.14,0.19,0.35,0.03,0.47,0.53,0.02,0.03,0,0.01,0.54,0.05,0.02,0.34,0.34,0.48,0.18,0.34,0.66,0,0.36,0.38,0.26,+,0.15,0.16,0.24,0.17,0.11,0.1,0.07
NM,HC.gov,All,03-new ,9918,429,181,0.76,0.35,0.05,0.17,0.12,0.01,0.75,331,113,0.09,0.09,0.17,0.15,0.2,0.3,0.01,0.46,0.54,0.01,0.04,0,0.01,0.5,0.04,0.02,0.37,0.32,0.5,0.18,0.3,0.7,0,0.36,0.37,0.26,+,0.15,0.13,0.25,0.17,0.12,0.12,0.05
NV,SBE,All,01-atv,25587,NR,NR,NR,NR,NR,NR,NR,NR,NR,NR,NR,NR,NR,NR,NR,NR,NR,NR,NR,NR,NR,NR,NR,NR,NR,NR,NR,NR,NR,NR,NR,NR,NR,NR,0.34,0.63,0.02,NR,NR,NR,NR,NR,NR,NR,NR
NV,SBE,All,02-aut,31712,NR,NR,NR,NR,NR,NR,NR,NR,NR,NR,NR,NR,NR,NR,NR,NR,NR,NR,NR,NR,NR,NR,NR,NR,NR,NR,NR,NR,NR,NR,NR,NR,NR,NR,0.42,0.52,0.05,NR,NR,NR,NR,NR,NR,NR,NR
NV,SBE,All,03-new,20111,NR,NR,NR,NR,NR,NR,NR,NR,NR,NR,NR,NR,NR,NR,NR,NR,NR,NR,NR,NR,NR,NR,NR,NR,NR,NR,NR,NR,NR,NR,NR,NR,NR,NR,0.44,0.5,0.05,NR,NR,NR,NR,NR,NR,NR,NR
NY,SBE,All,01-atv,92518,NR,NR,NR,NR,NR,NR,NR,NR,NR,NR,NR,NR,NR,NR,NR,NR,NR,NR,NR,NR,NR,NR,NR,NR,NR,NR,NR,NR,NR,NR,NR,NR,NR,NR,NR,NR,NR,NR,NR,NR,NR,NR,NR,NR,NR
NY,SBE,All,02-aut,116988,NR,NR,NR,NR,NR,NR,NR,NR,NR,NR,NR,NR,NR,NR,NR,NR,NR,NR,NR,NR,NR,NR,NR,NR,NR,NR,NR,NR,NR,NR,NR,NR,NR,NR,NR,NR,NR,NR,NR,NR,NR,NR,NR,NR,NR
NY,SBE,All,03-new,63442,NR,NR,NR,NR,NR,NR,NR,NR,NR,NR,NR,NR,NR,NR,NR,NR,NR,NR,NR,NR,NR,NR,NR,NR,NR,NR,NR,NR,NR,NR,NR,NR,NR,NR,NR,NR,NR,NR,NR,NR,NR,NR,NR,NR,NR
OH,HC.gov,All,01-atv ,100110,544,220,0.8,0.33,0.09,0.15,0.09,0,0.8,407,156,0.12,0.06,0.12,0.13,0.17,0.41,0.01,0.44,0.56,0,0.05,0,0.03,0.73,0.01,0.01,0.17,0.02,0.88,0.1,0.24,0.76,0.01,0.53,0.42,0.05,+,0.15,0.1,0.21,0.22,0.14,0.15,0.03
OH,HC.gov,All,02-aut ,48777,533,283,0.65,0.32,0.07,0.14,0.11,0,0.64,389,158,0.12,0.07,0.16,0.14,0.17,0.34,0.01,0.47,0.53,0,0.04,0,0.04,0.64,0.01,0.01,0.26,0.02,0.76,0.22,0.21,0.79,0.01,0.45,0.48,0.05,+,0.2,0.15,0.22,0.18,0.1,0.11,0.05
OH,HC.gov,All,03-new ,47919,464,200,0.76,0.32,0.07,0.15,0.1,0,0.75,351,127,0.12,0.09,0.18,0.15,0.17,0.28,0.01,0.48,0.52,0,0.05,0,0.07,0.55,0.01,0.02,0.3,0.03,0.76,0.21,0.18,0.82,0.01,0.55,0.39,0.05,+,0.16,0.14,0.23,0.2,0.11,0.12,0.03
OK,HC.gov,All,01-atv ,79718,660,75,0.96,0.57,0.05,0.13,0.26,0.14,0.95,614,50,0.12,0.09,0.14,0.17,0.18,0.28,0.01,0.44,0.56,0.11,0.06,0,0.03,0.53,0.01,0.05,0.21,0.06,0.77,0.17,0.38,0.62,0,0.37,0.46,0.16,+,0.02,0.33,0.21,0.2,0.12,0.11,0.02
OK,HC.gov,All,02-aut ,47714,646,182,0.83,0.59,0.06,0.12,0.22,0.19,0.8,578,70,0.13,0.11,0.18,0.18,0.17,0.22,0.01,0.44,0.56,0.18,0.03,0,0.03,0.41,0.01,0.04,0.29,0.06,0.66,0.28,0.41,0.59,0,0.33,0.54,0.13,+,0.03,0.36,0.21,0.17,0.1,0.09,0.04
OK,HC.gov,All,03-new ,31210,598,81,0.92,0.53,0.04,0.11,0.29,0.09,0.92,563,44,0.13,0.14,0.19,0.18,0.17,0.2,0,0.45,0.55,0.07,0.04,0,0.04,0.47,0.01,0.04,0.32,0.06,0.67,0.26,0.4,0.6,0.01,0.33,0.46,0.19,+,0.03,0.37,0.2,0.17,0.1,0.09,0.04
OR,HC.gov,All,01-atv ,82214,589,221,0.76,0.32,0.08,0.16,0.08,0.01,0.76,483,144,0.07,0.06,0.14,0.17,0.19,0.37,0.01,0.43,0.57,0.01,0.07,0.01,0.01,0.7,0.01,0.03,0.17,0.05,0.86,0.09,0.22,0.78,0,0.43,0.43,0.13,+,0.16,0.08,0.2,0.17,0.13,0.21,0.05
OR,HC.gov,All,02-aut ,30306,550,293,0.59,0.3,0.07,0.13,0.1,0.01,0.58,447,134,0.09,0.07,0.18,0.18,0.18,0.27,0.02,0.45,0.55,0.01,0.06,0.01,0.01,0.63,0.02,0.03,0.24,0.06,0.75,0.18,0.22,0.78,0,0.37,0.53,0.1,+,0.19,0.12,0.22,0.15,0.1,0.14,0.08
OR,HC.gov,All,03-new ,32744,487,197,0.74,0.3,0.06,0.15,0.09,0,0.74,395,122,0.09,0.1,0.22,0.19,0.17,0.22,0.01,0.46,0.54,0,0.07,0.01,0.01,0.6,0.02,0.03,0.25,0.07,0.77,0.16,0.2,0.8,0.01,0.48,0.38,0.14,+,0.16,0.09,0.23,0.18,0.12,0.17,0.06
PA,HC.gov,All,01-atv ,180790,682,198,0.89,0.43,0.08,0.21,0.15,0,0.89,544,157,0.04,0.06,0.13,0.15,0.2,0.4,0.01,0.45,0.55,0,0.09,0,0.03,0.7,0.01,0.01,0.15,0.03,0.87,0.1,0.13,0.87,0,0.27,0.53,0.2,0,0.07,0.16,0.26,0.19,0.13,0.17,0.03
PA,HC.gov,All,02-aut ,82526,638,268,0.74,0.43,0.07,0.18,0.17,0,0.74,500,155,0.06,0.08,0.17,0.16,0.2,0.32,0.01,0.48,0.52,0,0.06,0,0.05,0.63,0.01,0.01,0.23,0.04,0.77,0.19,0.15,0.85,0,0.22,0.59,0.19,0,0.1,0.21,0.26,0.16,0.1,0.12,0.05
PA,HC.gov,All,03-new ,68509,568,186,0.83,0.4,0.06,0.19,0.16,0,0.83,459,130,0.06,0.1,0.21,0.17,0.19,0.27,0.01,0.48,0.52,0,0.08,0,0.07,0.55,0.02,0.02,0.26,0.06,0.77,0.17,0.11,0.89,0.01,0.34,0.47,0.18,0,0.1,0.17,0.27,0.19,0.1,0.13,0.04
RI,SBE,All,01-atv,2707,NR,NR,NR,NR,NR,NR,NR,NR,NR,NR,NR,0.05,0.08,0.17,0.17,0.21,0.3,0.02,NR,NR,NR,NR,NR,NR,NR,NR,NR,NR,NR,NR,NR,NR,NR,+,0.29,0.35,0.34,NR,NR,0.13,0.23,0.21,0.14,0.13,0.16
RI,SBE,All,02-aut,25660,NR,NR,NR,NR,NR,NR,NR,NR,NR,NR,NR,0.05,0.09,0.16,0.18,0.21,0.29,0.02,NR,NR,NR,NR,NR,NR,NR,NR,NR,NR,NR,NR,NR,NR,NR,+,0.23,0.46,0.31,NR,NR,0.19,0.28,0.16,0.1,0.1,0.16
RI,SBE,All,03-new,6267,NR,NR,NR,NR,NR,NR,NR,NR,NR,NR,NR,0.06,0.13,0.24,0.18,0.18,0.2,0.01,NR,NR,NR,NR,NR,NR,NR,NR,NR,NR,NR,NR,NR,NR,NR,+,0.25,0.43,0.31,NR,NR,0.19,0.27,0.17,0.12,0.1,0.15
SC,HC.gov,All,01-atv ,113053,642,114,0.93,0.44,0.04,0.12,0.28,0,0.93,568,84,0.09,0.08,0.13,0.15,0.2,0.34,0,0.43,0.57,0,0.05,0,0.1,0.56,0.01,0.01,0.26,0.03,0.78,0.18,0.18,0.82,0.01,0.44,0.48,0.08,+,0.04,0.34,0.19,0.17,0.11,0.13,0.02
SC,HC.gov,All,02-aut ,42637,610,197,0.79,0.39,0.05,0.11,0.23,0,0.78,527,92,0.09,0.1,0.18,0.16,0.2,0.26,0.01,0.45,0.55,0,0.03,0,0.12,0.48,0.01,0.01,0.35,0.03,0.66,0.31,0.2,0.8,0.01,0.44,0.5,0.06,+,0.05,0.34,0.2,0.16,0.1,0.11,0.05
SC,HC.gov,All,03-new ,58340,557,93,0.92,0.42,0.03,0.1,0.29,0,0.92,505,62,0.09,0.13,0.19,0.17,0.2,0.23,0,0.45,0.55,0,0.03,0,0.13,0.37,0.01,0.01,0.45,0.03,0.63,0.34,0.18,0.82,0.02,0.49,0.44,0.06,+,0.03,0.41,0.19,0.15,0.09,0.09,0.03
SD,HC.gov,All,01-atv ,18505,710,119,0.95,0.47,0.09,0.14,0.23,0.02,0.95,623,96,0.15,0.08,0.16,0.16,0.15,0.29,0,0.46,0.54,0.02,0.02,0,0,0.86,0.01,0.02,0.08,0.02,0.93,0.05,0.68,0.32,0.01,0.45,0.52,0.03,+,0.02,0.26,0.19,0.21,0.14,0.15,0.02
SD,HC.gov,All,02-aut ,4877,662,221,0.8,0.42,0.08,0.12,0.18,0.05,0.78,565,97,0.16,0.1,0.19,0.18,0.14,0.23,0.01,0.5,0.5,0.04,0.02,0,0.01,0.74,0.01,0.02,0.16,0.02,0.84,0.13,0.65,0.35,0.01,0.46,0.51,0.03,+,0.04,0.26,0.21,0.19,0.11,0.13,0.06
SD,HC.gov,All,03-new ,5949,634,116,0.93,0.43,0.07,0.12,0.23,0.02,0.92,561,88,0.16,0.12,0.22,0.16,0.13,0.22,0,0.48,0.52,0.02,0.02,0,0.01,0.76,0.01,0.02,0.16,0.04,0.85,0.11,0.61,0.39,0.03,0.48,0.46,0.04,+,0.02,0.28,0.2,0.21,0.12,0.13,0.03
TN,HC.gov,All,01-atv ,104520,672,126,0.9,0.5,0.07,0.16,0.27,0,0.9,609,79,0.05,0.07,0.14,0.15,0.21,0.37,0.01,0.44,0.56,0,0.06,0,0.06,0.71,0.01,0.02,0.14,0.03,0.88,0.09,0.3,0.7,0,0.4,0.58,0.01,+,0.07,0.31,0.22,0.15,0.11,0.12,0.03
TN,HC.gov,All,02-aut ,46465,641,218,0.75,0.46,0.07,0.14,0.26,0,0.74,571,85,0.06,0.09,0.18,0.16,0.2,0.29,0.01,0.47,0.53,0,0.04,0,0.09,0.6,0.01,0.01,0.24,0.03,0.77,0.2,0.3,0.7,0,0.35,0.64,0.01,+,0.08,0.34,0.22,0.13,0.08,0.08,0.06
TN,HC.gov,All,03-new ,49460,574,118,0.88,0.49,0.05,0.14,0.3,0,0.88,522,67,0.07,0.12,0.2,0.17,0.19,0.24,0.01,0.47,0.53,0,0.05,0,0.1,0.5,0.01,0.02,0.32,0.04,0.72,0.24,0.24,0.76,0.01,0.42,0.55,0.02,+,0.06,0.39,0.22,0.13,0.08,0.08,0.05
TX,HC.gov,All,01-atv ,576123,553,99,0.93,0.61,0.05,0.13,0.43,0,0.93,490,70,0.1,0.11,0.12,0.15,0.22,0.28,0.02,0.44,0.56,0,0.17,0,0.04,0.38,0.03,0.02,0.36,0.28,0.53,0.2,0.12,0.88,0,0.31,0.64,0.05,+,0.04,0.48,0.18,0.13,0.07,0.07,0.03
TX,HC.gov,All,02-aut ,215120,538,190,0.75,0.45,0.05,0.11,0.28,0,0.74,468,76,0.12,0.11,0.16,0.15,0.19,0.25,0.02,0.45,0.55,0,0.08,0,0.06,0.43,0.04,0.02,0.37,0.29,0.47,0.24,0.17,0.83,0.01,0.35,0.56,0.08,+,0.08,0.38,0.2,0.14,0.07,0.07,0.06
TX,HC.gov,All,03-new ,325050,490,96,0.91,0.59,0.04,0.11,0.44,0,0.9,435,63,0.13,0.14,0.17,0.17,0.19,0.19,0.02,0.45,0.55,0,0.1,0,0.06,0.29,0.02,0.01,0.51,0.23,0.41,0.36,0.11,0.89,0.01,0.34,0.61,0.05,+,0.05,0.49,0.17,0.12,0.06,0.05,0.06
UT,HC.gov,All,01-atv ,125147,429,82,0.93,0.48,0.05,0.13,0.29,0.01,0.93,373,61,0.28,0.11,0.17,0.17,0.12,0.15,0,0.47,0.53,0.01,0.03,0,0,0.58,0.01,0.02,0.35,0.07,0.69,0.24,0.16,0.84,0,0.49,0.5,0.01,+,0.05,0.3,0.18,0.2,0.12,0.13,0.02
UT,HC.gov,All,02-aut ,34567,444,153,0.78,0.44,0.06,0.13,0.24,0.01,0.78,373,79,0.25,0.12,0.2,0.17,0.12,0.14,0.01,0.48,0.52,0.01,0.03,0,0.01,0.59,0.01,0.02,0.34,0.08,0.65,0.27,0.15,0.85,0,0.45,0.53,0.01,+,0.07,0.28,0.19,0.18,0.11,0.12,0.04
UT,HC.gov,All,03-new ,40547,398,76,0.92,0.48,0.05,0.12,0.31,0.01,0.92,349,54,0.27,0.15,0.21,0.15,0.11,0.11,0,0.49,0.51,0.01,0.03,0,0.01,0.47,0.01,0.02,0.45,0.09,0.57,0.34,0.15,0.85,0.01,0.49,0.49,0.01,+,0.04,0.33,0.2,0.19,0.1,0.11,0.03
VA,HC.gov,All,01-atv ,144078,665,151,0.89,0.39,0.06,0.17,0.16,0,0.89,577,98,0.12,0.08,0.12,0.15,0.19,0.31,0.02,0.45,0.55,0,0.18,0,0.07,0.54,0.03,0.02,0.15,0.07,0.85,0.08,0.14,0.86,0,0.39,0.41,0.19,0,0.08,0.17,0.24,0.21,0.13,0.14,0.03
VA,HC.gov,All,02-aut ,65671,646,251,0.7,0.4,0.06,0.14,0.2,0,0.7,564,89,0.11,0.1,0.18,0.16,0.19,0.26,0.02,0.46,0.54,0,0.12,0,0.11,0.47,0.03,0.02,0.24,0.09,0.74,0.17,0.15,0.85,0.01,0.32,0.55,0.13,0,0.1,0.28,0.22,0.16,0.09,0.09,0.06
VA,HC.gov,All,03-new ,59725,578,144,0.87,0.37,0.04,0.16,0.17,0,0.87,499,90,0.14,0.11,0.18,0.16,0.18,0.2,0.02,0.47,0.53,0,0.16,0,0.12,0.39,0.03,0.03,0.27,0.08,0.74,0.18,0.11,0.89,0.02,0.42,0.38,0.17,0.01,0.07,0.2,0.26,0.2,0.11,0.11,0.04
VT,SBE,All,01-atv,1733,NR,NR,NR,NR,NR,NR,NR,NR,NR,NR,NR,0.05,0.08,0.16,0.16,0.2,0.34,0,NR,NR,NR,NR,NR,NR,NR,NR,NR,NR,NR,NR,NR,NR,NR,NR,0.37,0.26,0.31,NR,NR,0.05,0.16,0.2,0.18,0.26,0.15
VT,SBE,All,02-aut,21812,NR,NR,NR,NR,NR,NR,NR,NR,NR,NR,NR,0.04,0.09,0.15,0.16,0.2,0.35,0.01,NR,NR,NR,NR,NR,NR,NR,NR,NR,NR,NR,NR,NR,NR,NR,NR,0.23,0.49,0.2,NR,NR,0.09,0.27,0.2,0.14,0.14,0.14
VT,SBE,All,03-new,3790,NR,NR,NR,NR,NR,NR,NR,NR,NR,NR,NR,0.06,0.11,0.24,0.18,0.16,0.24,0,NR,NR,NR,NR,NR,NR,NR,NR,NR,NR,NR,NR,NR,NR,NR,NR,0.37,0.37,0.2,NR,NR,0.08,0.24,0.19,0.15,0.18,0.16
WA,SBE,All,01-atv,35405,NR,NR,NR,NR,NR,NR,NR,NR,NR,NR,NR,0.09,0.07,0.15,0.17,0.19,0.33,0.02,NR,NR,NR,NR,NR,NR,NR,NR,NR,NR,NR,NR,NR,NR,NR,NR,0.51,0.35,0.13,NR,NR,0.08,0.17,0.13,0.1,0.15,0.37
WA,SBE,All,02-aut,127958,NR,NR,NR,NR,NR,NR,NR,NR,NR,NR,NR,0.07,0.07,0.15,0.16,0.19,0.34,0.02,NR,NR,NR,NR,NR,NR,NR,NR,NR,NR,NR,NR,NR,NR,NR,NR,0.38,0.5,0.11,NR,NR,0.09,0.22,0.14,0.09,0.12,0.34
WA,SBE,All,03-new,48825,NR,NR,NR,NR,NR,NR,NR,NR,NR,NR,NR,0.08,0.11,0.24,0.18,0.18,0.21,0.01,NR,NR,NR,NR,NR,NR,NR,NR,NR,NR,NR,NR,NR,NR,NR,NR,0.51,0.37,0.1,NR,NR,0.09,0.21,0.14,0.09,0.13,0.34
WI,HC.gov,All,01-atv ,118115,686,157,0.89,0.38,0.06,0.14,0.18,0,0.89,595,109,0.05,0.06,0.13,0.14,0.17,0.45,0,0.44,0.56,0,0.03,0,0.02,0.74,0.01,0.01,0.19,0.03,0.86,0.11,0.4,0.6,0.01,0.43,0.41,0.15,0,0.08,0.21,0.2,0.17,0.12,0.21,0.02
WI,HC.gov,All,02-aut ,40662,639,235,0.75,0.4,0.06,0.13,0.2,0.01,0.74,543,114,0.07,0.09,0.18,0.16,0.18,0.32,0.01,0.48,0.52,0.01,0.03,0,0.03,0.68,0.01,0.01,0.22,0.04,0.78,0.18,0.38,0.62,0.01,0.38,0.49,0.12,0,0.12,0.26,0.21,0.14,0.09,0.14,0.04
WI,HC.gov,All,03-new ,36721,583,155,0.85,0.36,0.04,0.12,0.19,0,0.84,508,96,0.07,0.11,0.19,0.15,0.17,0.31,0,0.47,0.53,0,0.04,0,0.05,0.61,0.01,0.02,0.28,0.04,0.78,0.18,0.34,0.66,0.02,0.45,0.38,0.15,0,0.1,0.24,0.21,0.16,0.1,0.17,0.03
WV,HC.gov,All,01-atv ,10574,1031,252,0.91,0.48,0.12,0.25,0.12,0,0.91,852,197,0.04,0.04,0.1,0.14,0.19,0.48,0,0.42,0.58,0,0.03,0,0.01,0.81,0.01,0.01,0.14,0.01,0.93,0.06,0.44,0.56,0,0.32,0.63,0.04,+,0.06,0.13,0.29,0.2,0.12,0.17,0.02
WV,HC.gov,All,02-aut ,5245,1002,371,0.77,0.44,0.1,0.2,0.14,0,0.76,826,185,0.05,0.05,0.13,0.14,0.2,0.41,0.02,0.45,0.55,0,0.02,0,0.01,0.73,0.01,0.01,0.21,0.01,0.81,0.18,0.43,0.57,0,0.31,0.65,0.04,+,0.09,0.18,0.28,0.17,0.11,0.13,0.04
WV,HC.gov,All,03-new ,4247,882,262,0.86,0.45,0.1,0.22,0.13,0,0.86,722,178,0.07,0.08,0.16,0.17,0.2,0.32,0,0.46,0.54,0,0.03,0,0.03,0.68,0.01,0.01,0.25,0.02,0.84,0.13,0.37,0.63,0.01,0.38,0.56,0.06,+,0.09,0.15,0.28,0.19,0.11,0.15,0.03
WY,HC.gov,All,01-atv ,14564,1006,102,0.94,0.23,0.01,0.06,0.14,0.01,0.94,959,57,0.15,0.07,0.16,0.16,0.15,0.31,0,0.44,0.56,0.01,0.02,0,0,0.82,0.01,0.02,0.12,0.05,0.87,0.08,0.8,0.2,+,0.17,0.23,0.6,+,0.03,0.19,0.17,0.22,0.15,0.22,0.02
WY,HC.gov,All,02-aut ,4493,924,236,0.79,0.22,0.02,0.06,0.12,0.02,0.78,881,51,0.16,0.1,0.2,0.17,0.14,0.22,0.01,0.46,0.54,0.01,0.02,0,0.01,0.69,0.02,0.02,0.24,0.06,0.73,0.21,0.74,0.26,+,0.22,0.27,0.51,+,0.04,0.23,0.21,0.18,0.12,0.17,0.05
WY,HC.gov,All,03-new ,5517,899,110,0.92,0.21,0,0.05,0.15,0.01,0.92,855,53,0.16,0.11,0.21,0.17,0.14,0.22,0,0.46,0.54,0,0.02,0,0,0.71,0.01,0.02,0.23,0.07,0.75,0.18,0.76,0.24,+,0.22,0.21,0.57,+,0.03,0.23,0.18,0.2,0.15,0.17,0.03
Total,HC.gov,All,01-atv ,4415678,621,130,4023872,2416221,260262,677233,1456264,22462,4017962,540,92,400360,390971,561922,681512,905006,1418892,57015,1948075,2467603,20382,373772,2771,233226,2332020,82583,74763,1296161,583095,3004667,827916,803289,3612389,15355,1410038,2639203,342603,8479,262121,1580561,896226,662943,419380,487747,106700
Total,HC.gov,All,02-aut ,1784855,601,218,1341035,808927,104907,243906,444556,15558,1333283,514,98,169647,176718,302294,286868,337935,481403,29990,816715,968140,15505,94859,1651,124524,899118,37099,30465,581634,195186,1136532,453137,365508,1419347,8894,588542,1052313,131700,3406,158860,591248,374577,251244,147674,165349,95903
Total,HC.gov,All,03-new ,2086338,533,116,1856829,1107155,91772,281619,727666,6098,1853980,469,75,219310,270012,386610,358603,390330,437561,23912,955907,1130431,6679,125724,1862,183757,792803,35543,32134,907836,242645,1173057,670636,324551,1761787,21361,739527,1182529,138802,4119,123949,858872,422876,281352,153860,167635,77794
Total,SBE,All,01-atv,857968,NR,NR,NR,NR,NR,NR,NR,NR,NR,NR,NR,NR,NR,NR,NR,NR,NR,NR,NR,NR,NR,NR,NR,NR,NR,NR,NR,NR,NR,NR,NR,NR,NR,NR,NR,NR,NR,NR,NR,NR,NR,NR,NR,NR,NR
Total,SBE,All,02-aut,1505130,NR,NR,NR,NR,NR,NR,NR,NR,NR,NR,NR,NR,NR,NR,NR,NR,NR,NR,NR,NR,NR,NR,NR,NR,NR,NR,NR,NR,NR,NR,NR,NR,NR,NR,NR,NR,NR,NR,NR,NR,NR,NR,NR,NR,NR
Total,SBE,All,03-new,759478,NR,NR,NR,NR,NR,NR,NR,NR,NR,NR,NR,NR,NR,NR,NR,NR,NR,NR,NR,NR,NR,NR,NR,NR,NR,NR,NR,NR,NR,NR,NR,NR,NR,NR,NR,NR,NR,NR,NR,NR,NR,NR,NR,NR,NR
Total,All,All,01-atv,5273646,NR,NR,NR,NR,NR,NR,NR,NR,NR,NR,NR,NR,NR,NR,NR,NR,NR,NR,NR,NR,NR,NR,NR,NR,NR,NR,NR,NR,NR,NR,NR,NR,NR,NR,NR,NR,NR,NR,NR,NR,NR,NR,NR,NR,NR
Total,All,All,02-aut,3289985,NR,NR,NR,NR,NR,NR,NR,NR,NR,NR,NR,NR,NR,NR,NR,NR,NR,NR,NR,NR,NR,NR,NR,NR,NR,NR,NR,NR,NR,NR,NR,NR,NR,NR,NR,NR,NR,NR,NR,NR,NR,NR,NR,NR,NR
Total,All,All,03-new,2845816,NR,NR,NR,NR,NR,NR,NR,NR,NR,NR,NR,NR,NR,NR,NR,NR,NR,NR,NR,NR,NR,NR,NR,NR,NR,NR,NR,NR,NR,NR,NR,NR,NR,NR,NR,NR,NR,NR,NR,NR,NR,NR,NR,NR,NR
